Second;Datetime;GPUtemperature;GPUusage;FBusage;Memoryusage;Coreclock;Power;CPUtemperature;CPUusage;CPUclock;RAMusage;Framerate;Frametime;FramerateAvg;Dataset
1;24-02-202316:04:33;62;99;27;6002.039;1920;139.305;53;68.75;4300.001;11378;64.7;19.566;48.9;Base
2;24-02-202316:04:34;62;99;27;6002.039;1920;138.493;51;50.781;4300.001;11449;65;16.478;48.9;Base
3;24-02-202316:04:35;62;99;27;6002.039;1920;137.325;50;55.469;4300.001;11508;65.4;16.854;49;Base
4;24-02-202316:04:36;62;99;25;6003.789;1920;134.402;50;61.719;4300.001;11572;65.8;18.822;49;Base
5;24-02-202316:04:37;62;99;27;6003.789;1920;137.927;51;70.833;4300.001;11589;66.1;17.935;49.1;Base
6;24-02-202316:04:38;63;99;28;6003.789;1920;139.188;53;63.802;4300.002;11636;68.8;18.211;49.2;Base
7;24-02-202316:04:39;63;99;27;6003.789;1920;133.849;55;71.615;4300.001;11662;67.2;19.872;49.2;Base
8;24-02-202316:04:40;62;99;25;6003.789;1920;129.566;51;66.927;4300.001;11763;51.3;21.906;49.2;Base
9;24-02-202316:04:41;62;99;25;6003.789;1920;126.904;50;72.656;4300.001;11838;54.7;22.102;49.2;Base
10;24-02-202316:04:42;62;99;25;6003.789;1920;125.998;53;74.479;4300.001;11900;58.2;18.871;49.3;Base
11;24-02-202316:04:43;62;99;25;6003.992;1920;127.707;52;73.698;4299.954;12022;54.5;29.057;49.3;Base
12;24-02-202316:04:44;62;99;25;6003.992;1920;128.42;50;74.219;4299.954;12063;54.4;21.019;49.3;Base
13;24-02-202316:04:45;61;100;25;5997.297;1920;127.765;52;78.385;4300.051;12084;56.2;21.083;49.3;Base
14;24-02-202316:04:46;61;99;24;6002.266;1920;123.268;56;82.292;4300.051;12104;55.5;20.239;49.3;Base
15;24-02-202316:04:47;61;99;24;6016.859;1920;128.707;57;97.396;4300.001;12215;50.1;24.423;49.3;Base
16;24-02-202316:04:48;61;99;24;6016.859;1920;126.666;53;80.501;4300.001;12217;50.9;24.05;49.3;Base
17;24-02-202316:04:49;61;99;25;6007.148;1920;126.305;54;78.321;4300.001;12209;51.5;23.11;49.3;Base
18;24-02-202316:04:50;61;99;24;6000.438;1920;125.983;53;76.042;4300.001;12214;52.4;21.543;49.3;Base
19;24-02-202316:04:51;60;99;24;6009.227;1920;124.869;55;94.792;4300.001;12331;51.7;22.344;49.4;Base
20;24-02-202316:04:52;61;99;25;6011.164;1920;128.911;51;79.427;4300.001;12323;52;22.435;49.4;Base
21;24-02-202316:04:53;61;99;25;6016.168;1920;126.835;53;79.948;4300.001;12316;53.6;21.873;49.4;Base
22;24-02-202316:04:54;60;99;24;6009.418;1920;126.357;53;78.646;4300.001;12294;54.8;20.197;49.4;Base
23;24-02-202316:04:55;60;99;25;6006.23;1920;126.043;54;80.729;4300.001;12392;53.9;21.979;49.4;Base
24;24-02-202316:04:56;60;99;25;6010.992;1920;125.899;53;77.083;4300;12357;54.8;21.793;49.4;Base
25;24-02-202316:04:57;60;98;24;6043.16;1920;125.449;53;90.365;4300;12359;56.3;21.141;49.4;Base
26;24-02-202316:04:58;60;99;25;6043.16;1920;127.929;53;91.146;4300;12449;55.6;19.6;49.4;Base
27;24-02-202316:04:59;60;99;25;6036.035;1920;126.743;54;76.823;4300;12438;55.2;20.745;49.5;Base
28;24-02-202316:05:00;60;99;25;6036.035;1920;129.457;51;77.344;4300.002;12406;54.6;20.7;49.5;Base
29;24-02-202316:05:01;60;97;23;6045.355;1920;122.818;56;94.531;4300.002;12394;54.7;25.645;49.5;Base
30;24-02-202316:05:02;60;98;25;6052.598;1920;126.144;54;93.229;4300.001;12479;54.7;23.939;49.5;Base
31;24-02-202316:05:03;60;99;26;6044.102;1920;129.787;54;79.427;4300.001;12404;56.7;20.826;49.5;Base
32;24-02-202316:05:04;60;99;26;6052.414;1920;128.294;54;75.047;4300.002;12367;58.3;20.795;49.6;Base
33;24-02-202316:05:05;59;99;26;6043.324;1920;122.416;55;82.813;4299.999;12332;58;19.283;49.6;Base
34;24-02-202316:05:06;60;99;26;6043.73;1920;124.592;55;98.414;4300.001;12443;56;19.651;49.6;Base
35;24-02-202316:05:07;60;99;25;6052.367;1920;130.171;51;81.51;4300.001;12406;57.5;23.001;49.6;Base
36;24-02-202316:05:08;60;99;24;6046.102;1920;133.702;56;89.844;4300.002;12511;54.9;22.2;49.6;Base
37;24-02-202316:05:09;60;100;25;6053.395;1920;132.399;56;94.531;4300.002;12410;50;22.222;49.6;Base
38;24-02-202316:05:10;60;99;27;5980.289;1920;139.309;54;71.354;4300.001;12517;53.8;27.45;49.6;Base
39;24-02-202316:05:11;60;100;27;5970.398;1920;135.639;55;81.25;4300.001;12453;53.9;21.036;49.7;Base
40;24-02-202316:05:12;60;98;27;5973.863;1920;139.129;55;98.698;4300.001;12425;52.9;24.172;49.7;Base
41;24-02-202316:05:13;60;99;28;5965.543;1920;140.215;54;94.271;4300.001;12523;55.3;22.238;49.7;Base
42;24-02-202316:05:14;60;99;28;5963.559;1920;140.268;57;97.135;4300.001;12553;55.1;20.175;49.7;Base
43;24-02-202316:05:15;60;99;28;5962.879;1920;142.392;54;87.5;4300.001;12511;58.4;20.051;49.7;Base
44;24-02-202316:05:16;60;99;29;5956.195;1920;142.034;55;73.958;4300.001;12469;61;19.822;49.7;Base
45;24-02-202316:05:17;60;99;28;5958.352;1920;139.104;56;97.135;4300.001;12525;59.9;18.371;49.8;Base
46;24-02-202316:05:18;60;99;29;5953.387;1920;142.515;53;92.708;4300.001;12494;58.7;22.779;49.8;Base
47;24-02-202316:05:19;60;99;28;5953.574;1920;142.066;53;75.521;4300.001;12455;60.9;18.794;49.8;Base
48;24-02-202316:05:20;60;99;27;5955.168;1920;139.837;55;73.958;4300.001;12401;60.5;17.686;49.9;Base
49;24-02-202316:05:21;60;99;27;5960.582;1920;140.63;55;90.625;4300.001;12495;57.8;20.482;49.9;Base
50;24-02-202316:05:22;60;99;28;5963.48;1920;141.278;53;79.688;4300.001;12458;58.5;19.993;49.9;Base
51;24-02-202316:05:23;60;98;28;5959.09;1920;140.807;58;69.01;4300.001;12413;59.7;21.168;49.9;Base
52;24-02-202316:05:24;60;99;28;5963.438;1920;141.956;55;84.375;4300.001;12458;58.7;21.062;49.9;Base
53;24-02-202316:05:25;60;99;28;6023.102;1920;139.2;55;88.802;4300.001;12487;56.3;20.489;50;Base
54;24-02-202316:05:26;60;99;28;6026.379;1920;139.722;57;95.313;4300.001;12415;54.5;20.655;50;Base
55;24-02-202316:05:27;60;99;28;6030.137;1920;138.794;53;82.031;4300.001;12381;53.7;20.811;50;Base
56;24-02-202316:05:28;60;99;29;6028.801;1920;142.263;54;74.479;4300.001;12449;51.8;22.496;50;Base
57;24-02-202316:05:29;60;99;29;6029.164;1920;140.175;52;73.958;4300.002;12474;51.5;21.461;50;Base
58;24-02-202316:05:30;60;99;28;6029.227;1920;139.265;53;73.958;4300.002;12441;51.9;21.036;50;Base
59;24-02-202316:05:31;60;99;28;6037.852;1920;138.737;56;96.094;4300.001;12426;52.2;21.653;50;Base
60;24-02-202316:05:32;60;99;28;6035.535;1920;138.728;55;79.427;4300.001;12538;52.9;20.678;50;Base
61;24-02-202316:05:33;60;98;27;6031.832;1920;138.045;52;78.385;4300.001;12507;53.7;22.627;50;Base
62;24-02-202316:05:34;60;99;27;6031.77;1920;134.396;56;82.031;4300;12593;54.5;20.231;50;Base
63;24-02-202316:05:35;60;99;27;6037.707;1920;137.777;57;97.917;4300;12526;54.1;20.735;50;Base
64;24-02-202316:05:36;60;99;28;6037.707;1920;140.371;55;86.979;4300.001;12675;53.1;21.082;50;Base
65;24-02-202316:05:37;60;99;28;6025.715;1920;138.489;55;90.625;4300.001;12653;52.3;22.995;50.1;Base
66;24-02-202316:05:38;60;99;27;6025.859;1920;137.531;58;94.531;4300.001;12510;51.8;23.385;50.1;Base
67;24-02-202316:05:39;60;99;28;6026.141;1920;138.269;53;97.947;4300;12447;52;21.449;50.1;Base
68;24-02-202316:05:40;60;99;28;6026.141;1920;141.435;54;70.573;4300;12569;53.3;19.97;50.1;Base
69;24-02-202316:05:41;60;99;28;6026.141;1920;137.292;54;76.302;4300.002;12515;53.4;20.307;50.1;Base
70;24-02-202316:05:42;60;99;27;6033.871;1920;136.625;58;92.708;4300.001;12460;49.5;21.791;50.1;Base
71;24-02-202316:05:43;60;99;28;6033.871;1920;142.212;57;82.552;4300.001;12503;49.4;22.676;50.1;Base
72;24-02-202316:05:44;60;99;29;6027.996;1920;139.859;54;75.677;4300.001;12517;50.5;23.975;50.1;Base
73;24-02-202316:05:45;60;100;29;6031.832;1920;141.062;55;77.344;4300.001;12468;49.9;21.997;50.1;Base
74;24-02-202316:05:46;60;99;28;6030.59;1920;141.979;55;73.698;4300.001;12428;49.3;21.988;50.1;Base
75;24-02-202316:05:47;60;99;28;6035.293;1920;139.489;55;80.729;4300.001;12561;49.5;22.598;50.1;Base
76;24-02-202316:05:48;60;99;28;6035.168;1920;137.56;58;98.438;4300.001;12497;49.3;24.712;50.1;Base
77;24-02-202316:05:49;60;99;29;6032.008;1920;140.65;54;78.192;4300.001;12477;51.9;21.404;50.1;Base
78;24-02-202316:05:50;60;99;29;6032.008;1920;138.683;55;73.297;4300.001;12453;52.5;20.694;50.1;Base
79;24-02-202316:05:51;60;99;28;6035.09;1920;139.217;54;79.427;4300.001;12578;51.9;22.359;50.1;Base
80;24-02-202316:05:52;60;100;28;6037.977;1920;139.61;54;75.521;4300.001;12536;51.7;21.407;50.1;Base
81;24-02-202316:05:53;60;98;27;6037.977;1920;139.692;54;77.372;4300.001;12503;52.3;21.487;50.1;Base
82;24-02-202316:05:54;60;99;27;6043.352;1920;139.638;57;90.77;4300.002;12503;53.8;22.124;50.1;Base
83;24-02-202316:05:55;60;99;28;6036.465;1920;142.963;53;81.51;4300.002;12594;56.7;19.616;50.1;Base
84;24-02-202316:05:56;60;99;28;6036.465;1920;140.87;56;69.01;4300.002;12555;57.2;20.539;50.1;Base
85;24-02-202316:05:57;60;99;27;6030.23;1920;141.659;56;70.052;4300.001;12507;56.8;19.347;50.2;Base
86;24-02-202316:05:58;60;98;28;6030.23;1920;140.879;52;70.573;4300;12568;55;29.117;50.2;Base
87;24-02-202316:05:59;60;99;28;6032.164;1920;139.459;53;71.452;4300;12597;54.2;24.716;50.2;Base
88;24-02-202316:06:00;60;99;27;6038.703;1920;138.206;57;91.039;4300.001;12491;52.8;22.082;50.2;Base
89;24-02-202316:06:01;60;99;27;6038;1920;141.231;58;97.917;4300.001;12448;51.1;23.925;50.2;Base
90;24-02-202316:06:02;60;99;28;6024.281;1920;142.731;53;80.99;4300;12576;50.6;21.828;50.2;Base
91;24-02-202316:06:03;60;98;28;6028.578;1920;141.625;56;71.615;4300;12528;51.9;23.262;50.2;Base
92;24-02-202316:06:04;60;99;28;6027.57;1920;139.138;58;72.656;4300.002;12402;53.3;20.273;50.2;Base
93;24-02-202316:06:05;60;99;28;6022.434;1920;143.238;55;90.104;4299.997;12378;54;22.184;50.2;Base
94;24-02-202316:06:06;60;99;29;6024.941;1920;149.402;52;67.929;4299.997;12504;53.9;20.024;50.2;Base
95;24-02-202316:06:07;60;99;28;6019.699;1920;141.163;54;72.24;4300.003;12562;52.6;21.262;50.2;Base
96;24-02-202316:06:08;60;99;27;6019.699;1920;142.743;56;86.719;4300.001;12520;51.2;22.192;50.2;Base
97;24-02-202316:06:09;60;99;28;6022.285;1920;144.194;57;70.573;4300.001;12490;51.8;20.557;50.2;Base
98;24-02-202316:06:10;60;99;28;6029.883;1920;143.572;54;64.063;4300.001;12617;52.5;20.611;50.2;Base
1;24-02-202316:16:43;61;99;29;6161.926;1920;136.852;49;49.74;4300.002;11227;71.7;17.071;40.6;DLSS Quality
2;24-02-202316:16:44;61;99;29;6161.926;1920;135.922;51;72.135;4300.001;11414;71.4;17.424;40.8;DLSS Quality
3;24-02-202316:16:45;61;99;29;6161.926;1920;134.204;52;66.146;4300.001;11499;70.2;17.998;41;DLSS Quality
4;24-02-202316:16:46;61;99;29;6161.926;1920;132.731;53;71.094;4300.001;11537;71.7;17.287;41.2;DLSS Quality
5;24-02-202316:16:47;62;99;27;6163.676;1920;130.971;52;65.625;4300.001;11584;68.2;17.866;41.4;DLSS Quality
6;24-02-202316:16:48;62;99;29;6163.676;1920;135.536;51;69.531;4300.001;11621;70.9;15.764;41.6;DLSS Quality
7;24-02-202316:16:49;62;99;27;6163.676;1920;135.438;49;68.75;4300.001;11647;74.9;14.558;41.9;DLSS Quality
8;24-02-202316:16:50;62;99;26;6163.676;1920;126.569;52;72.917;4300.001;11666;58.3;20.528;42;DLSS Quality
9;24-02-202316:16:51;62;99;26;6163.676;1920;125.676;54;72.746;4300.001;11757;55.8;19.608;42.1;DLSS Quality
10;24-02-202316:16:52;62;99;26;6163.676;1920;122.661;53;80.74;4300.002;11819;60.7;17.731;42.2;DLSS Quality
11;24-02-202316:16:53;62;99;26;6163.754;1920;121.903;53;81.51;4300.002;11870;59.4;17.869;42.3;DLSS Quality
12;24-02-202316:16:54;62;99;26;6163.754;1920;125.161;51;84.375;4300;11905;57.4;18.707;42.4;DLSS Quality
13;24-02-202316:16:55;62;100;26;6163.754;1920;125.165;51;80.208;4300;12001;59.3;18.39;42.5;DLSS Quality
14;24-02-202316:16:56;62;99;25;6158.809;1920;124.621;53;83.333;4300.001;12012;59.3;18.931;42.6;DLSS Quality
15;24-02-202316:16:57;62;97;25;6167.32;1920;127.478;55;97.917;4296.149;12030;52.7;23.981;42.7;DLSS Quality
16;24-02-202316:16:58;61;100;25;6176.621;1920;123.088;56;91.927;4296.149;12118;52.9;24.442;42.8;DLSS Quality
17;24-02-202316:16:59;62;99;25;6176.621;1920;125.731;54;79.167;4302.042;12115;53.6;21.34;42.8;DLSS Quality
18;24-02-202316:17:00;61;99;25;6166.91;1920;121.386;54;86.658;4300.065;12119;55.4;21.674;42.9;DLSS Quality
19;24-02-202316:17:01;61;98;24;6173.539;1920;117.579;54;91.146;4300.001;12099;54.7;22.904;43;DLSS Quality
20;24-02-202316:17:02;61;99;25;6170.926;1920;124.531;53;93.39;4299.999;12204;54.5;26.225;43.1;DLSS Quality
21;24-02-202316:17:03;61;100;25;6172.484;1920;123.676;54;84.635;4299.999;12194;56.2;19.002;43.2;DLSS Quality
22;24-02-202316:17:04;61;99;25;6169.18;1920;123.07;54;84.564;4300.002;12188;58.2;18.446;43.2;DLSS Quality
23;24-02-202316:17:05;60;99;25;6169.18;1920;121.159;52;81.541;4300.003;12168;56.4;21.844;43.3;DLSS Quality
24;24-02-202316:17:06;60;99;25;6163.527;1920;123.152;57;88.021;4300.003;12266;57.4;18.871;43.4;DLSS Quality
25;24-02-202316:17:07;60;99;26;6170.672;1920;123.315;54;83.854;4300.001;12265;58.8;21.05;43.5;DLSS Quality
26;24-02-202316:17:08;60;96;25;6165.047;1920;121.468;54;99.479;4300.001;12248;57.6;23.901;43.6;DLSS Quality
27;24-02-202316:17:09;60;99;26;6165.734;1920;124.087;53;84.375;4300.001;12269;58.5;20.441;43.7;DLSS Quality
28;24-02-202316:17:10;60;100;26;6165.734;1920;124.894;54;84.115;4300.001;12298;57.9;21.242;43.8;DLSS Quality
29;24-02-202316:17:11;60;96;24;6167.551;1920;120.367;54;90.885;4300.001;12297;57.2;20.902;43.9;DLSS Quality
30;24-02-202316:17:12;60;97;25;6180.359;1920;122.772;57;99.74;4300.001;12266;56.6;22.721;43.9;DLSS Quality
31;24-02-202316:17:13;60;99;27;6171.863;1920;124.222;53;89.323;4300.001;12361;58.5;18.839;44;DLSS Quality
32;24-02-202316:17:14;60;99;26;6180.176;1920;125.032;52;86.979;4300;12331;59.9;17.959;44.1;DLSS Quality
33;24-02-202316:17:15;60;99;28;6180.176;1920;124.027;53;81.25;4300;12301;60.9;17.917;44.2;DLSS Quality
34;24-02-202316:17:16;59;99;26;6170.023;1920;118.715;56;98.438;4300.001;12287;57.5;23.116;44.3;DLSS Quality
35;24-02-202316:17:17;59;99;26;6179.129;1920;123.104;56;93.49;4300.001;12382;60.2;23.503;44.4;DLSS Quality
36;24-02-202316:17:18;59;99;26;6174.973;1920;117.146;55;89.063;4300.003;12399;60.1;19.497;44.5;DLSS Quality
37;24-02-202316:17:19;60;99;25;6173.309;1920;125.633;58;97.656;4300.003;12407;55.9;24.282;44.5;DLSS Quality
38;24-02-202316:17:20;60;99;27;6107.895;1920;130.548;54;95.573;4300.001;12370;57.1;33.096;44.6;DLSS Quality
39;24-02-202316:17:21;60;99;27;6098.504;1920;130.999;54;85.065;4300.001;12462;59.8;20.229;44.7;DLSS Quality
40;24-02-202316:17:22;59;92;25;6101.43;1920;124.764;55;97.893;4300;12401;55.7;26.234;44.8;DLSS Quality
41;24-02-202316:17:23;60;98;27;6101.469;1920;130.463;57;98.958;4300.001;12368;59.1;22.093;44.8;DLSS Quality
42;24-02-202316:17:24;60;96;27;6093.148;1920;131.969;57;99.219;4300.001;12456;59.4;24.173;44.9;DLSS Quality
43;24-02-202316:17:25;60;99;28;6090.484;1920;133.576;56;98.958;4300.002;12485;62.3;20.237;45;DLSS Quality
44;24-02-202316:17:26;60;99;29;6086.176;1920;135.287;55;82.552;4300;12449;66;18.942;45.1;DLSS Quality
45;24-02-202316:17:27;60;99;28;6088.207;1920;133.436;55;88.281;4300;12362;66.3;19.238;45.2;DLSS Quality
46;24-02-202316:17:28;60;99;28;6090.98;1920;135.745;57;97.656;4300.002;12442;64.1;19.479;45.3;DLSS Quality
47;24-02-202316:17:29;60;99;29;6083.555;1920;137.735;53;84.115;4300;12407;66.2;18.283;45.5;DLSS Quality
48;24-02-202316:17:30;60;99;28;6085.148;1920;132.912;54;78.125;4300;12357;67.1;20.566;45.6;DLSS Quality
49;24-02-202316:17:31;60;99;27;6085.148;1920;130.49;55;78.385;4300.002;12293;64.8;17.754;45.7;DLSS Quality
50;24-02-202316:17:32;60;99;28;6093.461;1920;134.452;56;98.698;4300.001;12392;62.5;18.675;45.8;DLSS Quality
51;24-02-202316:17:33;60;99;28;6090.938;1920;133.351;54;76.823;4300.001;12349;65.9;19.732;45.9;DLSS Quality
52;24-02-202316:17:34;60;99;27;6088.945;1920;131.55;55;84.115;4300.001;12347;64.8;21.134;46;DLSS Quality
53;24-02-202316:17:35;59;99;27;6092.395;1920;131.467;55;99.479;4300.001;12343;61.1;23.694;46.1;DLSS Quality
54;24-02-202316:17:36;59;98;27;6125.41;1920;128.892;56;100;4300.001;12399;58.4;24.177;46.1;DLSS Quality
55;24-02-202316:17:37;59;96;26;6118.336;1920;129.158;57;100;4300.001;12358;57.1;25.17;46.2;DLSS Quality
56;24-02-202316:17:38;59;99;27;6118.531;1920;130.242;58;97.656;4300.001;12331;56.6;20.353;46.2;DLSS Quality
57;24-02-202316:17:39;59;99;28;6124.77;1920;133.022;54;92.708;4300;12328;56.3;21.441;46.3;DLSS Quality
58;24-02-202316:17:40;59;99;28;6124.77;1920;131.152;54;78.906;4300.002;12398;56.8;20.273;46.3;DLSS Quality
59;24-02-202316:17:41;59;98;28;6130.801;1920;129.365;57;91.406;4300.002;12363;57.4;21.338;46.4;DLSS Quality
60;24-02-202316:17:42;59;97;27;6133.457;1920;129.759;54;96.094;4300.001;12344;56.9;23.024;46.4;DLSS Quality
61;24-02-202316:17:43;59;99;27;6127.438;1920;130.339;54;80.208;4300.001;12442;58;20.638;46.5;DLSS Quality
62;24-02-202316:17:44;59;99;27;6127.438;1920;131.886;54;83.02;4300.001;12409;59.9;17.923;46.6;DLSS Quality
63;24-02-202316:17:45;59;99;27;6134.023;1920;129.992;55;98.942;4300;12498;58.5;20.796;46.6;DLSS Quality
64;24-02-202316:17:46;59;99;26;6137.188;1920;128.913;55;97.917;4300;12440;58.3;20.071;46.7;DLSS Quality
65;24-02-202316:17:47;59;99;27;6129.668;1920;130.125;54;81.51;4300.001;12537;58.5;18.611;46.7;DLSS Quality
66;24-02-202316:17:48;59;99;27;6125.195;1920;128.971;55;87.5;4300.001;12452;57.3;19.993;46.8;DLSS Quality
67;24-02-202316:17:49;59;99;27;6128.27;1920;129.312;58;97.135;4300.003;12381;56.4;23.081;46.8;DLSS Quality
68;24-02-202316:17:50;59;99;28;6125.621;1920;131.217;54;82.031;4300.003;12362;58.1;19.632;46.9;DLSS Quality
69;24-02-202316:17:51;59;99;29;6125.621;1920;132.333;53;79.427;4300.001;12455;59.2;20.873;47;DLSS Quality
70;24-02-202316:17:52;59;97;26;6129.633;1920;126.311;56;86.719;4300.001;12418;55.4;22.368;47;DLSS Quality
71;24-02-202316:17:53;59;96;26;6133.352;1920;130.608;54;98.177;4300;12383;53.6;22.705;47;DLSS Quality
72;24-02-202316:17:54;59;99;27;6133.352;1920;131.771;57;83.073;4300;12377;55.1;19.536;47.1;DLSS Quality
73;24-02-202316:17:55;59;99;27;6132.836;1920;130.119;54;80.469;4300.001;12472;55.5;21.281;47.1;DLSS Quality
74;24-02-202316:17:56;59;99;28;6131.313;1920;132.005;54;80.99;4300.001;12451;53.7;20.286;47.1;DLSS Quality
75;24-02-202316:17:57;59;99;27;6127.445;1920;132.25;55;81.784;4300.003;12427;54.5;20.267;47.2;DLSS Quality
76;24-02-202316:17:58;59;97;26;6134.648;1920;128.932;57;91.927;4300;12576;53.6;23.321;47.2;DLSS Quality
77;24-02-202316:17:59;59;99;28;6131.488;1920;132.277;55;94.977;4300.001;12545;55.8;23.985;47.2;DLSS Quality
78;24-02-202316:18:00;59;100;28;6125.613;1920;132.709;57;84.896;4300.001;12517;58.4;20.266;47.3;DLSS Quality
79;24-02-202316:18:01;59;99;28;6131.488;1920;129.652;56;78.646;4300.001;12478;57.8;19.576;47.3;DLSS Quality
80;24-02-202316:18:02;59;99;27;6137.457;1920;129.902;55;79.948;4300.001;12586;57.4;19.779;47.4;DLSS Quality
81;24-02-202316:18:03;59;99;28;6137.457;1920;131.31;54;79.731;4300.001;12559;57.1;21.484;47.4;DLSS Quality
82;24-02-202316:18:04;59;98;27;6143.578;1920;129.068;57;83.08;4300.001;12570;58.5;20.431;47.5;DLSS Quality
83;24-02-202316:18:05;59;99;28;6142.832;1920;131.671;58;96.094;4300.001;12518;60.4;21.188;47.5;DLSS Quality
84;24-02-202316:18:06;59;99;28;6135.945;1920;132.648;54;83.333;4300.001;12623;63.1;18.479;47.6;DLSS Quality
85;24-02-202316:18:07;59;99;27;6135.945;1920;132.79;54;75.521;4300.001;12579;62.2;17.92;47.7;DLSS Quality
86;24-02-202316:18:08;59;99;27;6129.711;1920;132.848;58;82.552;4300.001;12506;61.3;17.956;47.7;DLSS Quality
87;24-02-202316:18:09;59;99;27;6131.645;1920;133.581;55;82.031;4300;12492;59.7;18.119;47.8;DLSS Quality
88;24-02-202316:18:10;59;95;26;6131.582;1920;125.988;55;90.885;4300.001;12523;57.9;22.215;47.8;DLSS Quality
89;24-02-202316:18:11;59;99;27;6131.605;1920;131.315;56;98.177;4300.001;12474;56.9;20.219;47.9;DLSS Quality
90;24-02-202316:18:12;59;99;27;6128.945;1920;132.244;58;98.438;4300.001;12415;55.9;21.312;47.9;DLSS Quality
91;24-02-202316:18:13;59;99;29;6123.762;1920;134.14;55;82.297;4300.001;12530;57;21.073;48;DLSS Quality
92;24-02-202316:18:14;59;99;28;6127.113;1920;134.619;55;80.171;4300.001;12492;58.3;18.691;48;DLSS Quality
93;24-02-202316:18:15;59;99;28;6121.914;1920;134.886;58;98.438;4300.001;12435;59.9;21.577;48.1;DLSS Quality
94;24-02-202316:18:16;59;99;28;6124.629;1920;139.705;57;94.531;4300.001;12278;59.9;22.177;48.1;DLSS Quality
95;24-02-202316:18:17;59;99;28;6124.422;1920;135.223;53;77.865;4300.001;12309;58.7;18.511;48.1;DLSS Quality
96;24-02-202316:18:18;59;100;27;6119.18;1920;136.386;57;94.792;4300.001;12363;57.3;21.129;48.2;DLSS Quality
97;24-02-202316:18:19;59;100;28;6115.891;1920;136.783;55;84.115;4300.002;12316;56.4;21.107;48.2;DLSS Quality
98;24-02-202316:18:20;59;97;27;6124.98;1920;134.731;55;77.083;4300.002;12275;58.4;20.684;48.3;DLSS Quality
1;24-02-202316:09:53;60;99;29;6102.5;1920;134.535;48;64.337;4300.002;11191;72.8;17.461;45.9;DLSS Balance
2;24-02-202316:09:54;60;99;29;6103.125;1920;133.897;53;61.458;4300.001;11351;73.8;16.514;46.1;DLSS Balance
3;24-02-202316:09:55;60;99;29;6103.125;1920;133.755;54;61.458;4300.001;11423;73.5;17.088;46.2;DLSS Balance
4;24-02-202316:09:56;60;99;28;6103.125;1920;133.207;54;71.711;4300.002;11468;73;14.678;46.4;DLSS Balance
5;24-02-202316:09:57;60;98;27;6105;1920;130.282;53;69.982;4300;11501;69.8;17.78;46.5;DLSS Balance
6;24-02-202316:09:58;61;99;28;6105;1920;130.305;53;83.608;4300;11570;70.7;15.299;46.6;DLSS Balance
7;24-02-202316:09:59;61;99;28;6105;1920;133.256;54;78.906;4300.001;11614;75;16.123;46.7;DLSS Balance
8;24-02-202316:10:00;61;99;26;6105;1920;125.329;53;83.854;4300.001;11624;70.6;18.58;46.8;DLSS Balance
9;24-02-202316:10:01;61;99;25;6105;1920;122.903;56;72.489;4300.002;11676;56.1;19.162;46.9;DLSS Balance
10;24-02-202316:10:02;61;98;26;6105;1920;121.242;52;72.295;4300.001;11783;60.2;19.262;47;DLSS Balance
11;24-02-202316:10:03;61;99;26;6105.078;1920;121.582;53;89.844;4300.001;11839;62.7;17.009;47;DLSS Balance
12;24-02-202316:10:04;61;99;26;6105.078;1920;122.528;53;82.292;4300;11880;59.5;18.152;47.1;DLSS Balance
13;24-02-202316:10:05;61;99;25;6105.078;1920;121.531;54;78.646;4300.005;11911;59.7;19.215;47.2;DLSS Balance
14;24-02-202316:10:06;62;99;26;6098.383;1920;121.748;53;87.5;4300.005;11999;60;19.716;47.2;DLSS Balance
15;24-02-202316:10:07;62;98;24;6108.578;1920;123.346;56;86.198;4300;12026;58.2;21.453;47.3;DLSS Balance
16;24-02-202316:10:08;62;98;25;6113.313;1920;123.944;56;100;4300;12016;52.8;22.409;47.3;DLSS Balance
17;24-02-202316:10:09;62;99;25;6117.945;1920;124.002;53;84.307;4300;12007;54.6;24.456;47.3;DLSS Balance
18;24-02-202316:10:10;63;99;26;6108.234;1920;123.215;53;83.652;4300.002;12094;56.4;19.629;47.4;DLSS Balance
19;24-02-202316:10:11;63;99;25;6101.523;1920;122.89;52;81.771;4300.001;12099;57.1;20.218;47.4;DLSS Balance
20;24-02-202316:10:12;62;96;23;6112.25;1920;118.471;55;97.947;4300.001;12119;54.3;24.213;47.5;DLSS Balance
21;24-02-202316:10:13;62;99;25;6112.25;1920;124.977;52;83.896;4300.001;12129;56.6;25.213;47.5;DLSS Balance
22;24-02-202316:10:14;62;99;25;6116.621;1920;122.549;52;86.979;4300.001;12198;59;20.99;47.6;DLSS Balance
23;24-02-202316:10:15;62;99;25;6110.504;1920;123.255;55;81.51;4300;12183;58.8;21.064;47.6;DLSS Balance
24;24-02-202316:10:16;62;99;26;6106.41;1920;122.664;54;89.323;4300;12167;58.9;20.396;47.7;DLSS Balance
25;24-02-202316:10:17;62;99;25;6113.324;1920;122.46;53;86.198;4300.002;12260;59.1;18.209;47.7;DLSS Balance
26;24-02-202316:10:18;61;98;25;6143.809;1920;121.173;57;89.583;4300.001;12267;60.1;20.113;47.8;DLSS Balance
27;24-02-202316:10:19;61;99;25;6144.246;1920;122.767;53;95.833;4300.002;12248;59.4;22.231;47.8;DLSS Balance
28;24-02-202316:10:20;61;99;26;6139.059;1920;122.849;54;80.208;4300.002;12233;59.7;18.841;47.9;DLSS Balance
29;24-02-202316:10:21;61;99;26;6141.992;1920;123.288;55;85.938;4300.001;12334;59.6;18.198;47.9;DLSS Balance
30;24-02-202316:10:22;61;93;24;6148.496;1920;118.553;55;98.177;4300.001;12332;57.5;22.938;48;DLSS Balance
31;24-02-202316:10:23;61;99;26;6151.105;1920;121.555;54;96.615;4300.001;12302;57.1;23.694;48;DLSS Balance
32;24-02-202316:10:24;61;99;26;6140.313;1920;121.828;54;89.063;4300.001;12274;60.3;17.514;48.1;DLSS Balance
33;24-02-202316:10:25;61;99;27;6154.5;1920;124.375;53;76.823;4300.001;12362;62.4;17.068;48.1;DLSS Balance
34;24-02-202316:10:26;60;96;25;6144.223;1920;120.675;55;94.531;4300.001;12332;61.3;22.267;48.2;DLSS Balance
35;24-02-202316:10:27;60;97;25;6149.926;1920;119.81;55;99.74;4300.001;12308;59.9;21.468;48.2;DLSS Balance
36;24-02-202316:10:28;61;99;26;6153.453;1920;124.172;54;89.063;4300.001;12321;61.5;20.223;48.3;DLSS Balance
37;24-02-202316:10:29;60;99;25;6147.188;1920;126.192;58;98.177;4300.001;12482;59.6;22.928;48.3;DLSS Balance
38;24-02-202316:10:30;61;99;25;6154.383;1920;125.857;58;97.917;4300.001;12391;58.4;21.725;48.4;DLSS Balance
39;24-02-202316:10:31;61;99;27;6082.156;1920;128.437;56;90.507;4300.001;12368;60;34.458;48.4;DLSS Balance
40;24-02-202316:10:32;60;94;25;6072.266;1920;123.176;56;92.069;4300.002;12399;60;21.454;48.5;DLSS Balance
41;24-02-202316:10:33;60;99;27;6075.73;1920;130.097;56;99.74;4300;12399;59.5;23.683;48.5;DLSS Balance
42;24-02-202316:10:34;60;93;26;6067.223;1920;129.105;56;99.74;4300;12374;61.6;21.622;48.6;DLSS Balance
43;24-02-202316:10:35;60;98;27;6072.945;1920;130.22;56;99.74;4300.001;12392;62.4;24.582;48.6;DLSS Balance
44;24-02-202316:10:36;60;99;28;6067.121;1920;131.334;54;98.698;4300.002;12479;66.7;18.411;48.7;DLSS Balance
45;24-02-202316:10:37;60;98;28;6060.438;1920;133.594;54;80.208;4300.002;12444;69.2;18.259;48.8;DLSS Balance
46;24-02-202316:10:38;60;96;27;6062.594;1920;129.392;54;99.74;4300.001;12351;65.6;20.782;48.9;DLSS Balance
47;24-02-202316:10:39;60;99;28;6057.629;1920;131.432;57;96.875;4300.001;12326;66.9;18.983;48.9;DLSS Balance
48;24-02-202316:10:40;60;99;28;6057.816;1920;132.428;54;81.771;4300.001;12402;70.6;17.369;49;DLSS Balance
49;24-02-202316:10:41;60;99;27;6059.41;1920;132.184;56;78.125;4300.001;12361;69;16.294;49.1;DLSS Balance
50;24-02-202316:10:42;60;99;26;6067.805;1920;131.038;56;95.833;4300.001;12304;65.2;18.759;49.2;DLSS Balance
51;24-02-202316:10:43;60;99;28;6067.723;1920;131.535;53;88.542;4300.002;12291;66.4;17.305;49.3;DLSS Balance
52;24-02-202316:10:44;60;99;27;6063.332;1920;131.644;53;82.552;4300.002;12348;68;16.591;49.3;DLSS Balance
53;24-02-202316:10:45;60;99;27;6066.875;1920;131.416;55;93.329;4300.001;12337;66.3;17.468;49.4;DLSS Balance
54;24-02-202316:10:46;60;99;27;6124.781;1920;129.195;55;100;4300.001;12287;63.3;18.134;49.5;DLSS Balance
55;24-02-202316:10:47;60;97;26;6128.246;1920;128.942;56;98.958;4300.001;12336;60.9;20.702;49.5;DLSS Balance
56;24-02-202316:10:48;59;98;26;6131.051;1920;128.564;54;98.177;4300.001;12306;59;23.507;49.5;DLSS Balance
57;24-02-202316:10:49;60;99;27;6130.668;1920;130.332;53;84.475;4300.001;12286;58.6;22.732;49.6;DLSS Balance
58;24-02-202316:10:50;60;99;27;6131.031;1920;130.253;54;84.564;4300.001;12265;58.8;20.238;49.6;DLSS Balance
59;24-02-202316:10:51;60;99;28;6131.156;1920;131.695;54;81.25;4300.001;12365;59.4;20.681;49.7;DLSS Balance
60;24-02-202316:10:52;59;98;27;6139.719;1920;128.198;57;99.74;4300.001;12362;59.4;21.069;49.7;DLSS Balance
61;24-02-202316:10:53;59;99;27;6133.699;1920;128.196;54;87.172;4300.001;12334;58.5;25.775;49.7;DLSS Balance
62;24-02-202316:10:54;59;99;26;6133.699;1920;127.847;55;87.31;4300.001;12298;60.3;20.29;49.8;DLSS Balance
63;24-02-202316:10:55;59;96;25;6133.637;1920;125.567;57;88.198;4300.001;12521;60.4;20.689;49.8;DLSS Balance
64;24-02-202316:10:56;59;99;26;6139.574;1920;128.354;56;97.885;4299.999;12465;60.1;23.66;49.8;DLSS Balance
65;24-02-202316:10:57;59;98;27;6139.574;1920;127.894;58;88.198;4299.999;12426;60;23.914;49.9;DLSS Balance
66;24-02-202316:10:58;59;99;27;6127.582;1920;128.634;55;85.459;4300.002;12403;59.8;19.792;49.9;DLSS Balance
67;24-02-202316:10:59;59;99;26;6130.074;1920;125.744;56;95.573;4300.002;12394;59;21.044;50;DLSS Balance
68;24-02-202316:11:00;59;99;27;6128.008;1920;129.477;55;92.031;4300.001;12374;59.4;20.605;50;DLSS Balance
69;24-02-202316:11:01;59;99;27;6128.008;1920;130.126;56;81.012;4300.001;12348;60.7;18.344;50;DLSS Balance
70;24-02-202316:11:02;59;98;26;6128.008;1920;123.192;55;83.854;4300.002;12462;60;20.497;50.1;DLSS Balance
71;24-02-202316:11:03;59;96;25;6135.738;1920;122.647;59;99.219;4300;12428;54.2;33.068;50.1;DLSS Balance
72;24-02-202316:11:04;59;99;26;6135.738;1920;128.137;58;98.958;4300.001;12434;54.9;24.317;50.1;DLSS Balance
73;24-02-202316:11:05;59;99;27;6129.863;1920;127.704;56;93.322;4300.001;12406;57.3;20.418;50.1;DLSS Balance
74;24-02-202316:11:06;59;99;26;6133.699;1920;128.338;58;95.249;4300.001;12521;56.2;19.323;50.2;DLSS Balance
75;24-02-202316:11:07;59;97;26;6129.832;1920;125.508;55;90.885;4300.001;12472;55.8;23.861;50.2;DLSS Balance
76;24-02-202316:11:08;58;98;26;6137.285;1920;125.816;56;93.75;4300.001;12444;55.3;22.409;50.2;DLSS Balance
77;24-02-202316:11:09;59;99;26;6137.035;1920;124.353;59;99.479;4300.002;12458;55.8;20.862;50.2;DLSS Balance
78;24-02-202316:11:10;59;99;27;6133.875;1920;129.019;54;94.01;4300.002;12562;59.1;21.273;50.3;DLSS Balance
79;24-02-202316:11:11;59;99;28;6133.875;1920;127.401;57;87.5;4300.001;12532;59.8;18.032;50.3;DLSS Balance
80;24-02-202316:11:12;59;98;27;6138.656;1920;127.103;55;79.688;4300.001;12496;59.9;20.245;50.3;DLSS Balance
81;24-02-202316:11:13;59;99;27;6139.844;1920;128.562;55;79.942;4300.001;12534;59.8;18.879;50.4;DLSS Balance
82;24-02-202316:11:14;59;99;27;6139.844;1920;128.922;56;82.855;4300;12581;59.9;19.504;50.4;DLSS Balance
83;24-02-202316:11:15;58;99;26;6145.219;1920;128.168;58;98.698;4300;12582;60.8;23.735;50.4;DLSS Balance
84;24-02-202316:11:16;59;99;27;6132.457;1920;130.771;54;89.323;4300.001;12532;63.9;18.205;50.5;DLSS Balance
85;24-02-202316:11:17;59;98;27;6138.332;1920;128.053;55;80.208;4300.001;12633;64.8;19.816;50.5;DLSS Balance
86;24-02-202316:11:18;59;99;27;6132.098;1920;131.622;56;93.835;4300.001;12584;64.3;20.142;50.6;DLSS Balance
87;24-02-202316:11:19;59;99;27;6132.098;1920;131.528;55;80.475;4300.002;12541;62.9;17.454;50.6;DLSS Balance
88;24-02-202316:11:20;59;99;27;6134.031;1920;128.05;56;80.729;4300.002;12497;61.5;18.477;50.7;DLSS Balance
89;24-02-202316:11:21;58;99;26;6139.617;1920;127.763;56;97.166;4300.002;12544;59.5;20.185;50.7;DLSS Balance
90;24-02-202316:11:22;58;97;26;6133.68;1920;127.55;57;100;4300;12489;58.2;21.785;50.7;DLSS Balance
91;24-02-202316:11:23;59;99;27;6126.148;1920;131.356;56;94.792;4300;12458;57.7;19.581;50.7;DLSS Balance
92;24-02-202316:11:24;59;99;27;6129.5;1920;129.494;56;82.292;4300.001;12423;59.6;17.971;50.8;DLSS Balance
93;24-02-202316:11:25;59;99;27;6129.438;1920;129.443;57;84.635;4300.001;12556;60.7;18.224;50.8;DLSS Balance
94;24-02-202316:11:26;59;99;28;6124.301;1920;132.475;57;97.656;4300.001;12508;62.3;18.923;50.9;DLSS Balance
95;24-02-202316:11:27;59;98;27;6126.809;1920;132.012;54;71.354;4300.001;12463;61.6;18.303;50.9;DLSS Balance
96;24-02-202316:11:28;59;99;26;6121.566;1920;133.234;57;81.25;4300.001;12621;59.8;19.032;50.9;DLSS Balance
97;24-02-202316:11:29;59;99;26;6124.863;1920;131.875;56;92.969;4300;12611;57.9;22.136;50.9;DLSS Balance
98;24-02-202316:11:30;59;99;27;6126.652;1920;134.149;57;78.906;4300;12572;59.5;18.911;51;DLSS Balance
1;24-02-202316:20:58;58;99;28;6193.004;1935;130.496;51;63.542;4300;11170;76.1;16.345;41.4;DLSS Performance
2;24-02-202316:20:59;59;99;29;6193.004;1935;131.748;53;73.698;4300.001;11245;77;16.717;41.7;DLSS Performance
3;24-02-202316:21:00;59;99;27;6193.004;1935;128.307;54;74.479;4300.001;11295;76.9;17.56;42;DLSS Performance
4;24-02-202316:21:01;59;99;26;6196.754;1935;123.691;54;84.375;4300.001;11377;58.2;19.477;42.1;DLSS Performance
5;24-02-202316:21:02;58;99;26;6196.754;1935;118.528;55;77.865;4300.001;11483;60.9;19.346;42.2;DLSS Performance
6;24-02-202316:21:03;59;99;26;6196.754;1935;119.409;54;84.375;4300.001;11596;65;17.535;42.4;DLSS Performance
7;24-02-202316:21:04;59;99;26;6196.832;1935;119.137;54;80.99;4300.001;11687;61.9;20.047;42.6;DLSS Performance
8;24-02-202316:21:05;59;99;26;6196.832;1920;119.35;55;86.719;4300.002;11788;60;24.342;42.7;DLSS Performance
9;24-02-202316:21:06;59;98;26;6190.137;1920;119.959;55;84.115;4300.002;11877;61.1;21.193;42.8;DLSS Performance
10;24-02-202316:21:07;59;93;24;6194.512;1920;117.35;55;88.198;4300.001;11975;59.6;22.998;42.9;DLSS Performance
11;24-02-202316:21:08;60;97;25;6210.902;1920;117.749;57;96.827;4300;11971;53.8;26.558;43;DLSS Performance
12;24-02-202316:21:09;60;99;25;6209.699;1920;119.688;56;91.277;4300;11954;55.8;20.417;43.1;DLSS Performance
13;24-02-202316:21:10;60;99;25;6199.988;1920;120.274;56;81.758;4300.001;12039;56.9;19.642;43.2;DLSS Performance
14;24-02-202316:21:11;60;99;25;6193.277;1920;119.03;56;83.854;4300.001;12035;58.3;19.043;43.3;DLSS Performance
15;24-02-202316:21:12;60;97;24;6202.066;1920;114.276;56;97.17;4300.001;12026;56;22.212;43.4;DLSS Performance
16;24-02-202316:21:13;61;99;25;6202.129;1920;120.266;55;91.287;4300.001;12075;57.2;21.75;43.5;DLSS Performance
17;24-02-202316:21:14;61;99;26;6207.07;1920;119.436;55;86.719;4300.001;12107;59;19.684;43.6;DLSS Performance
18;24-02-202316:21:15;61;99;25;6202.258;1920;121.195;54;89.583;4300.001;12083;60.3;18.515;43.7;DLSS Performance
19;24-02-202316:21:16;61;99;25;6193.195;1920;118.939;56;88.021;4300.002;12051;59.5;18.34;43.8;DLSS Performance
20;24-02-202316:21:17;61;99;26;6201.086;1920;119.47;54;88.802;4299.999;12141;59.9;20.703;43.9;DLSS Performance
21;24-02-202316:21:18;62;95;24;6203.75;1920;118.581;58;88.542;4299.999;12139;61.1;19.621;44.1;DLSS Performance
22;24-02-202316:21:19;61;98;25;6236;1920;118.033;55;100;4300.002;12121;59.4;21.987;44.2;DLSS Performance
23;24-02-202316:21:20;62;98;25;6228.875;1920;120.115;56;87.5;4300.002;12098;60.4;19.48;44.3;DLSS Performance
24;24-02-202316:21:21;62;99;26;6229.875;1920;122.32;54;84.709;4300.001;12199;60.5;19.343;44.4;DLSS Performance
25;24-02-202316:21:22;62;98;25;6236.793;1920;122.969;56;94.511;4300.001;12202;59.2;21.413;44.5;DLSS Performance
26;24-02-202316:21:23;63;96;25;6244.5;1920;116.727;56;100;4300;12161;57.3;23.205;44.6;DLSS Performance
27;24-02-202316:21:24;63;99;27;6237.941;1920;123.362;55;84.862;4300.002;12109;61.5;22.494;44.7;DLSS Performance
28;24-02-202316:21:25;63;99;27;6246.254;1920;123.193;54;91.54;4300.002;12191;63.7;17.662;44.8;DLSS Performance
29;24-02-202316:21:26;62;98;26;6242.309;1920;120.363;54;84.307;4300.002;12165;63;21.384;44.9;DLSS Performance
30;24-02-202316:21:27;62;96;25;6236.102;1920;117.478;57;99.736;4300.002;12142;60;21.853;45;DLSS Performance
31;24-02-202316:21:28;62;99;25;6245.207;1920;121.445;54;99.487;4299.999;12187;62.9;22.79;45.1;DLSS Performance
32;24-02-202316:21:29;62;96;24;6238.941;1920;121.816;56;99.736;4299.999;12344;61.3;21.986;45.2;DLSS Performance
33;24-02-202316:21:30;62;99;25;6246.137;1920;122.846;59;97.917;4300.002;12257;60.8;18.597;45.3;DLSS Performance
34;24-02-202316:21:31;62;98;26;6174.066;1920;126.784;56;94.869;4300;12222;59.9;33.618;45.4;DLSS Performance
35;24-02-202316:21:32;62;96;25;6164.363;1920;122.037;56;87.838;4300.001;12293;62.7;20.133;45.5;DLSS Performance
36;24-02-202316:21:33;62;92;25;6167.098;1920;119.025;55;100;4300.001;12248;58.8;23.546;45.6;DLSS Performance
37;24-02-202316:21:34;62;95;26;6159.633;1920;121.912;55;99.219;4300.001;12238;62.8;22.798;45.7;DLSS Performance
38;24-02-202316:21:35;61;97;27;6161.691;1920;124.785;57;99.219;4300.001;12238;63;21.15;45.8;DLSS Performance
39;24-02-202316:21:36;62;97;27;6156.656;1920;128.211;57;98.438;4300;12328;66.1;22.78;45.9;DLSS Performance
40;24-02-202316:21:37;62;98;28;6152.348;1920;131.124;54;87.76;4300.001;12290;70.6;17.205;46.1;DLSS Performance
41;24-02-202316:21:38;61;96;26;6154.504;1920;125.626;58;95.833;4300.001;12196;68.7;17.39;46.2;DLSS Performance
42;24-02-202316:21:39;61;95;27;6149.539;1920;130.239;57;98.177;4300.001;12166;68.2;20.04;46.3;DLSS Performance
43;24-02-202316:21:40;61;99;28;6149.727;1920;130.339;55;87.654;4300.001;12248;72.6;17.372;46.5;DLSS Performance
44;24-02-202316:21:41;61;99;27;6151.32;1920;130.055;54;79.157;4300.001;12189;72.5;15.051;46.6;DLSS Performance
45;24-02-202316:21:42;61;97;26;6155.625;1920;128.132;57;92.448;4300.001;12130;68.2;18.17;46.8;DLSS Performance
46;24-02-202316:21:43;61;99;27;6159.633;1920;129.604;55;98.698;4299.999;12158;67.7;19.33;46.9;DLSS Performance
47;24-02-202316:21:44;61;99;27;6155.242;1920;130.118;55;78.906;4299.999;12175;70.8;16.673;47;DLSS Performance
48;24-02-202316:21:45;61;99;27;6155.117;1920;127.955;56;91.667;4300.002;12151;69.4;17.671;47.2;DLSS Performance
49;24-02-202316:21:46;61;96;26;6184.691;1920;127.532;56;99.479;4300.001;12113;65.1;18.653;47.3;DLSS Performance
50;24-02-202316:21:47;60;96;26;6188.156;1920;127.467;58;99.74;4300;12160;62.1;20.948;47.3;DLSS Performance
51;24-02-202316:21:48;60;98;27;6185.07;1920;126.73;58;97.135;4300.002;12130;61.6;19.406;47.4;DLSS Performance
52;24-02-202316:21:49;60;98;27;6190.578;1920;127.434;55;89.583;4300.002;12108;60.3;20.03;47.5;DLSS Performance
53;24-02-202316:21:50;60;99;27;6190.941;1920;127.043;57;83.854;4300.001;12087;60;19.04;47.6;DLSS Performance
54;24-02-202316:21:51;60;99;27;6185.129;1920;127.002;56;81.51;4300.001;12189;60.5;17.723;47.6;DLSS Performance
55;24-02-202316:21:52;60;99;27;6200.137;1920;125.916;56;99.219;4300.001;12188;59.7;20.702;47.7;DLSS Performance
56;24-02-202316:21:53;60;99;27;6197.336;1920;125.685;56;99.219;4300.002;12156;60.5;20.431;47.8;DLSS Performance
57;24-02-202316:21:54;60;99;26;6193.609;1920;125.771;55;86.458;4300.002;12128;61.7;19.103;47.8;DLSS Performance
58;24-02-202316:21:55;59;95;25;6193.484;1920;120.364;58;88.802;4300.001;12249;62.7;21.048;47.9;DLSS Performance
59;24-02-202316:21:56;60;99;26;6199.484;1920;124.175;57;99.479;4300;12299;60.6;26.147;48;DLSS Performance
60;24-02-202316:21:57;59;96;25;6199.484;1920;124.326;56;97.656;4300;12260;60.5;22.129;48.1;DLSS Performance
61;24-02-202316:21:58;59;99;26;6187.492;1920;124.93;56;93.49;4300.002;12384;61;20.719;48.1;DLSS Performance
62;24-02-202316:21:59;59;96;25;6187.367;1920;123.406;58;97.656;4300;12275;58.9;26.049;48.2;DLSS Performance
63;24-02-202316:22:00;59;96;25;6190.566;1920;122.694;58;100;4300.002;12222;58.4;24.228;48.2;DLSS Performance
64;24-02-202316:22:01;59;99;26;6187.918;1920;126.717;56;97.434;4300.002;12204;62;19.102;48.3;DLSS Performance
65;24-02-202316:22:02;59;97;27;6187.918;1920;127.312;55;93.75;4300.001;12295;63;20.318;48.4;DLSS Performance
66;24-02-202316:22:03;59;97;25;6190.344;1920;124.07;57;94.184;4300;12250;57.3;22.736;48.4;DLSS Performance
67;24-02-202316:22:04;59;99;27;6195.648;1920;127.498;55;95.573;4300;12227;57.1;24.393;48.5;DLSS Performance
68;24-02-202316:22:05;59;99;26;6195.648;1920;125.319;57;87.76;4300.001;12197;59.5;18.105;48.5;DLSS Performance
69;24-02-202316:22:06;59;99;26;6193.609;1920;125.974;54;85.119;4300.001;12309;59.1;20.872;48.6;DLSS Performance
70;24-02-202316:22:07;59;98;26;6193.609;1920;126.458;57;87.838;4300.001;12288;57.8;19.764;48.6;DLSS Performance
71;24-02-202316:22:08;59;99;26;6192.527;1920;125.39;56;86.979;4300.001;12261;58.1;20.587;48.7;DLSS Performance
72;24-02-202316:22:09;58;96;26;6196.695;1920;122.488;56;98.177;4300.002;12322;55.6;26.427;48.7;DLSS Performance
73;24-02-202316:22:10;59;99;27;6193.785;1920;125.589;55;95.313;4300.001;12378;59.8;22.08;48.8;DLSS Performance
74;24-02-202316:22:11;59;99;28;6193.785;1920;127.44;55;90.625;4300.001;12348;62.2;17.268;48.8;DLSS Performance
75;24-02-202316:22:12;59;98;26;6193.785;1920;124.922;55;88.281;4300.001;12310;61;19.222;48.9;DLSS Performance
76;24-02-202316:22:13;59;99;27;6199.754;1920;125.907;56;88.021;4300;12416;60.8;18.443;49;DLSS Performance
77;24-02-202316:22:14;59;99;27;6199.754;1920;126.43;57;84.315;4300;12389;60.6;18.205;49;DLSS Performance
78;24-02-202316:22:15;58;92;24;6205.129;1920;123.717;57;96.835;4300.002;12387;60.6;23.004;49.1;DLSS Performance
79;24-02-202316:22:16;59;96;26;6200.559;1920;123.584;56;97.404;4300.001;12348;64.4;21.68;49.1;DLSS Performance
80;24-02-202316:22:17;59;98;27;6198.242;1920;126.719;56;84.339;4300.001;12449;67.5;17.555;49.2;DLSS Performance
81;24-02-202316:22:18;59;99;27;6192.008;1920;129.508;55;85.341;4300.001;12404;66.3;16.962;49.3;DLSS Performance
82;24-02-202316:22:19;59;99;27;6186.133;1920;129.343;56;83.916;4300;12354;65.7;17.395;49.4;DLSS Performance
83;24-02-202316:22:20;59;99;27;6193.941;1920;126.695;55;99.479;4300;12314;64;17.35;49.5;DLSS Performance
84;24-02-202316:22:21;59;95;25;6196.125;1920;124.723;57;97.947;4300.001;12370;61.5;21.558;49.5;DLSS Performance
85;24-02-202316:22:22;58;94;25;6193.59;1920;127.597;56;99.215;4300.002;12310;59.9;22.397;49.6;DLSS Performance
86;24-02-202316:22:23;59;99;26;6186.059;1920;126.557;58;99.74;4300.002;12278;59.1;24.654;49.6;DLSS Performance
87;24-02-202316:22:24;59;99;28;6186.059;1920;129.606;55;88.281;4300.001;12339;61.4;22.136;49.7;DLSS Performance
88;24-02-202316:22:25;59;99;27;6189.41;1920;130.7;56;78.385;4300.001;12344;63;18.831;49.7;DLSS Performance
89;24-02-202316:22:26;59;99;28;6184.211;1920;131.323;58;98.698;4300.001;12336;63.8;20.27;49.8;DLSS Performance
90;24-02-202316:22:27;59;98;27;6186.719;1920;132.565;55;72.917;4300.001;12291;63.9;18.501;49.9;DLSS Performance
91;24-02-202316:22:28;59;99;26;6186.719;1920;129.512;56;78.906;4300.001;12412;62.4;18.08;49.9;DLSS Performance
92;24-02-202316:22:29;59;99;26;6181.477;1920;131.913;56;98.204;4299.999;12438;59.2;26.357;50;DLSS Performance
93;24-02-202316:22:30;59;99;27;6186.563;1920;132.532;55;85.487;4299.999;12397;59.9;19.475;50;DLSS Performance
94;24-02-202316:22:31;59;99;25;6195.363;1920;128.69;54;81.771;4300.001;12334;61.1;19.995;50.1;DLSS Performance
95;24-02-202316:22:32;59;98;26;6194.16;1920;127.751;54;77.604;4300.001;12437;62.7;19.076;50.1;DLSS Performance
96;24-02-202316:22:33;59;99;27;6194.16;1920;129.816;58;79.688;4300.003;12395;64.5;17.796;50.2;DLSS Performance
97;24-02-202316:22:34;58;97;25;6191.602;1920;122.439;59;98.177;4299.999;12280;62.3;23.39;50.2;DLSS Performance
98;24-02-202316:22:35;59;99;26;6191.602;1920;128.542;57;98.958;4300.002;12205;60.8;20.383;50.3;DLSS Performance
1;24-02-202316:29:03;58;99;28;6069.25;1935;135.338;55;62.24;4300.002;11235;69.2;17.852;35.5;FSR Quality
2;24-02-202316:29:04;58;99;29;6069.25;1935;136.112;53;68.229;4299.999;11316;70.1;15.79;35.8;FSR Quality
3;24-02-202316:29:05;58;99;29;6069.25;1935;135.792;53;67.188;4300.003;11393;69.9;19.057;36.1;FSR Quality
4;24-02-202316:29:06;58;99;28;6069.25;1935;134.006;53;70.495;4300;11449;71.7;16.861;36.4;FSR Quality
5;24-02-202316:29:07;58;99;27;6069.313;1935;132.793;59;72.135;4300.001;11492;68.9;18.992;36.7;FSR Quality
6;24-02-202316:29:08;59;99;28;6069.313;1935;135.384;53;69.596;4300.001;11543;70.2;17.028;37;FSR Quality
7;24-02-202316:29:09;59;99;27;6071.063;1935;137.076;54;68.229;4300.001;11599;74.8;24.277;37.4;FSR Quality
8;24-02-202316:29:10;59;100;25;6071.063;1920;127.2;54;71.778;4300.001;11665;61.3;21.991;37.6;FSR Quality
9;24-02-202316:29:11;59;99;25;6071.063;1920;125.714;53;74.355;4300.002;11756;54.7;20.054;37.7;FSR Quality
10;24-02-202316:29:12;59;99;25;6071.063;1920;121.793;56;73.958;4300.002;11859;60.6;19.503;37.9;FSR Quality
11;24-02-202316:29:13;59;99;26;6071.266;1920;122.498;54;85.353;4300.001;11961;59.5;17.834;38.1;FSR Quality
12;24-02-202316:29:14;59;99;26;6071.266;1920;123.776;56;75.031;4300;12061;57.3;20.432;38.2;FSR Quality
13;24-02-202316:29:15;60;99;26;6071.266;1920;125.386;55;81.758;4300;12151;58.2;21.633;38.4;FSR Quality
14;24-02-202316:29:16;60;99;25;6064.57;1920;125.299;55;76.563;4300.001;12237;59.2;19.637;38.6;FSR Quality
15;24-02-202316:29:17;60;99;25;6072.133;1920;123.937;57;95.573;4300.001;12325;55.1;20.717;38.7;FSR Quality
16;24-02-202316:29:18;60;99;24;6082.383;1920;124.211;55;97.917;4300.001;11616;51.4;25.314;38.8;FSR Quality
17;24-02-202316:29:19;61;99;25;6084.195;1920;126.16;54;78.906;4300.001;11649;52.8;21.123;38.9;FSR Quality
18;24-02-202316:29:20;61;99;25;6068.609;1920;121.757;55;85.333;4300.001;11681;54.8;21.099;39.1;FSR Quality
19;24-02-202316:29:21;61;98;24;6068.039;1920;121.887;56;88.928;4300.001;11783;54.5;24.004;39.2;FSR Quality
20;24-02-202316:29:22;61;99;25;6076.625;1920;126.004;55;95.052;4300.001;11801;53.9;22.474;39.3;FSR Quality
21;24-02-202316:29:23;61;99;25;6078.184;1920;123.059;55;86.719;4300.001;11813;55.3;19.244;39.4;FSR Quality
22;24-02-202316:29:24;62;99;25;6076.816;1920;125.884;56;83.594;4300.001;11906;58;20.376;39.6;FSR Quality
23;24-02-202316:29:25;62;99;25;6076.816;1920;124.69;55;82.552;4300.001;11910;55.6;22.931;39.7;FSR Quality
24;24-02-202316:29:26;62;99;26;6071.164;1920;125.529;57;81.25;4300.001;11913;57.2;18.639;39.8;FSR Quality
25;24-02-202316:29:27;62;99;26;6078.309;1920;124.732;55;83.854;4300.001;11908;57.9;18.855;40;FSR Quality
26;24-02-202316:29:28;62;98;25;6110.559;1920;123.887;56;96.615;4300.001;12028;58.5;20.855;40.1;FSR Quality
27;24-02-202316:29:29;63;99;25;6108.934;1920;126.426;57;90.625;4300.001;12025;57.6;21.955;40.2;FSR Quality
28;24-02-202316:29:30;63;99;26;6103.434;1920;127.593;54;77.865;4300.001;12023;57.5;18.835;40.4;FSR Quality
29;24-02-202316:29:31;62;92;23;6105.801;1920;116.136;56;86.979;4300.001;12024;56.7;22.189;40.5;FSR Quality
30;24-02-202316:29:32;62;96;24;6118.059;1920;122.638;57;98.958;4300.002;12121;57.1;22.189;40.6;FSR Quality
31;24-02-202316:29:33;62;99;26;6109.563;1920;126.694;55;93.229;4300.002;12106;57.7;20.407;40.7;FSR Quality
32;24-02-202316:29:34;62;99;26;6119.523;1920;126.43;56;84.375;4300.001;12088;60.1;20.791;40.9;FSR Quality
33;24-02-202316:29:35;62;99;26;6117.875;1920;123.863;57;92.969;4300.001;12097;59.9;20.093;41;FSR Quality
34;24-02-202316:29:36;62;94;24;6107.535;1920;122.636;56;98.958;4300.002;12196;56.6;24.208;41.1;FSR Quality
35;24-02-202316:29:37;62;99;25;6111.691;1920;124.377;58;100;4299.999;12192;58.9;24.988;41.2;FSR Quality
36;24-02-202316:29:38;61;98;24;6116.828;1920;121.743;58;94.01;4299.999;12151;59.2;26.648;41.4;FSR Quality
37;24-02-202316:29:39;62;99;25;6112.563;1920;126.104;57;100;4300.002;12377;55.9;26.14;41.5;FSR Quality
38;24-02-202316:29:40;62;97;25;6045.406;1920;131.852;59;100;4300.001;12281;54.8;32.738;41.6;FSR Quality
39;24-02-202316:29:41;62;99;26;6036.141;1920;131.248;56;91.927;4300.001;12254;59.4;20.81;41.7;FSR Quality
40;24-02-202316:29:42;61;95;25;6039.148;1920;126.537;56;96.094;4300.001;12198;56.9;22.569;41.8;FSR Quality
41;24-02-202316:29:43;62;99;27;6041.418;1920;132.278;56;99.219;4300;12288;58.5;21.772;41.9;FSR Quality
42;24-02-202316:29:44;62;99;27;6033.098;1920;135.47;58;99.479;4300.001;12288;60;19.559;42;FSR Quality
43;24-02-202316:29:45;62;99;27;6035.453;1920;134.472;57;99.74;4300.002;12296;60.8;24.298;42.1;FSR Quality
44;24-02-202316:29:46;62;99;28;6023.75;1920;137.737;56;89.323;4300.002;12263;65.2;18.043;42.3;FSR Quality
45;24-02-202316:29:47;62;97;26;6025.844;1920;132.734;56;86.719;4300;12310;66.5;19.392;42.5;FSR Quality
46;24-02-202316:29:48;62;99;27;6028.555;1920;135.778;56;98.698;4300.002;12253;64.6;17.969;42.6;FSR Quality
47;24-02-202316:29:49;62;99;28;6021.129;1920;138.758;54;91.406;4300.001;12221;65.2;18.884;42.7;FSR Quality
48;24-02-202316:29:50;61;99;27;6016.492;1920;133.718;56;78.125;4300.001;12179;67;16.33;42.9;FSR Quality
49;24-02-202316:29:51;61;99;26;6022.598;1920;132.737;56;84.896;4300.001;12256;65.7;17.714;43;FSR Quality
50;24-02-202316:29:52;61;99;27;6031.035;1920;135.406;57;97.135;4299.998;12218;62.1;18.556;43.2;FSR Quality
51;24-02-202316:29:53;61;99;27;6028.512;1920;134.961;56;75.26;4299.998;12176;65.4;17.089;43.3;FSR Quality
52;24-02-202316:29:54;61;99;27;6026.645;1920;137.264;54;78.906;4300.003;12248;66.4;16.934;43.4;FSR Quality
53;24-02-202316:29:55;61;99;27;6029.969;1920;134.67;57;98.177;4300.002;12246;62.3;18.902;43.6;FSR Quality
54;24-02-202316:29:56;61;99;27;6092.191;1920;132.454;57;97.917;4300.002;12151;59.9;20.053;43.7;FSR Quality
55;24-02-202316:29:57;61;97;26;6087.91;1920;131.902;60;98.177;4300.001;12129;58.5;21.98;43.8;FSR Quality
56;24-02-202316:29:58;61;99;27;6093.98;1920;133.31;57;85.677;4300.001;12216;57.8;20.473;43.8;FSR Quality
57;24-02-202316:29:59;61;99;27;6095.664;1920;133.957;55;84.115;4300.001;12203;55.9;20.729;43.9;FSR Quality
58;24-02-202316:30:00;61;99;27;6096.781;1920;134.622;55;74.74;4300.001;12182;56;22.332;44;FSR Quality
59;24-02-202316:30:01;60;98;27;6100.734;1920;129.401;56;89.323;4300.001;12158;56.4;20.528;44.1;FSR Quality
60;24-02-202316:30:02;60;99;27;6105.469;1920;132.492;58;98.461;4300.001;12273;57.1;19.971;44.1;FSR Quality
61;24-02-202316:30:03;60;99;27;6093.574;1920;132.821;57;83.08;4300.001;12240;57.5;19.414;44.2;FSR Quality
62;24-02-202316:30:04;60;99;27;6099.449;1920;133.274;56;83.594;4300.001;12204;59.1;20.025;44.3;FSR Quality
63;24-02-202316:30:05;60;99;26;6101.598;1920;132.96;57;96.151;4300;12289;58.2;22.268;44.4;FSR Quality
64;24-02-202316:30:06;60;99;26;6099.449;1920;131.181;57;97.092;4300.005;12366;58.1;19.44;44.5;FSR Quality
65;24-02-202316:30:07;60;99;27;6105.305;1920;133.016;59;86.458;4300.005;12323;58.2;20.188;44.5;FSR Quality
66;24-02-202316:30:08;60;99;26;6093.395;1920;130.648;55;79.799;4300.001;12262;57.4;20.938;44.6;FSR Quality
67;24-02-202316:30:09;60;99;26;6096.406;1920;131.684;58;97.672;4300;12271;56.5;20.366;44.7;FSR Quality
68;24-02-202316:30:10;60;99;28;6093.758;1920;133.909;55;77.604;4300;12247;57.7;22.142;44.8;FSR Quality
69;24-02-202316:30:11;60;99;28;6093.758;1920;134.293;57;81.51;4300.001;12224;58.3;18.979;44.8;FSR Quality
70;24-02-202316:30:12;60;98;25;6089.82;1920;127.047;56;84.635;4300.001;12187;56.8;20.831;44.9;FSR Quality
71;24-02-202316:30:13;60;98;26;6101.488;1920;132.362;58;99.736;4300.001;12282;53.4;24.796;45;FSR Quality
72;24-02-202316:30:14;60;99;27;6101.488;1920;134.35;55;82.813;4300.001;12260;54.7;20.364;45;FSR Quality
73;24-02-202316:30:15;60;99;27;6101.488;1920;131.63;57;84.375;4300.001;12232;55.4;21.124;45.1;FSR Quality
74;24-02-202316:30:16;60;99;27;6099.449;1920;132.406;57;82.552;4300.001;12211;53.7;21.233;45.1;FSR Quality
75;24-02-202316:30:17;60;99;27;6095.582;1920;131.727;57;84.093;4300;12326;54.1;20.612;45.2;FSR Quality
76;24-02-202316:30:18;59;99;26;6102.785;1920;131.343;58;92.369;4300.003;12322;53.5;23.835;45.2;FSR Quality
77;24-02-202316:30:19;60;99;26;6102.785;1920;131.068;59;99.736;4300.001;12303;54.7;24.235;45.3;FSR Quality
78;24-02-202316:30:20;60;99;27;6099.625;1920;133.856;55;83.333;4300.001;12385;57.4;20.707;45.3;FSR Quality
79;24-02-202316:30:21;60;99;27;6099.625;1920;131.473;57;82.292;4300.001;12375;57.1;18.677;45.4;FSR Quality
80;24-02-202316:30:22;60;99;27;6105.594;1920;131.949;55;76.563;4300.001;12339;56.8;20.511;45.4;FSR Quality
81;24-02-202316:30:23;60;99;27;6105.594;1920;131.579;57;83.073;4300.001;12311;56;20.965;45.5;FSR Quality
82;24-02-202316:30:24;60;99;27;6109.754;1920;130.125;58;84.896;4300.001;12464;58.1;19.385;45.6;FSR Quality
83;24-02-202316:30:25;60;99;27;6110.969;1920;133.021;59;96.615;4300;12409;58.7;21.83;45.6;FSR Quality
84;24-02-202316:30:26;60;99;27;6104.082;1920;134.841;54;89.583;4300;12366;62.1;18.273;45.7;FSR Quality
85;24-02-202316:30:27;60;99;26;6104.082;1920;133.85;57;81.25;4300.002;12322;61.6;19.088;45.8;FSR Quality
86;24-02-202316:30:28;60;99;27;6097.848;1920;134.417;55;80.7;4300.002;12413;61.4;17.706;45.9;FSR Quality
87;24-02-202316:30:29;60;99;27;6100.063;1920;134.74;56;79.694;4300.002;12372;59.9;18.601;46;FSR Quality
88;24-02-202316:30:30;59;99;26;6099.781;1920;128.873;57;84.115;4300.001;12311;58.5;20.259;46;FSR Quality
89;24-02-202316:30:31;59;99;26;6105.367;1920;133.043;57;98.958;4300.001;12351;55.6;26.383;46.1;FSR Quality
90;24-02-202316:30:32;59;99;26;6097.082;1920;133.985;57;97.135;4300.001;12323;55.7;19.836;46.1;FSR Quality
91;24-02-202316:30:33;60;99;28;6091.898;1920;136.939;58;86.719;4300.001;12297;56.7;20.181;46.2;FSR Quality
92;24-02-202316:30:34;60;99;27;6095.25;1920;136.056;55;77.083;4300.001;12265;58;18.96;46.2;FSR Quality
93;24-02-202316:30:35;60;98;27;6090.051;1920;133.588;60;93.49;4300.001;12393;59.6;21.977;46.3;FSR Quality
94;24-02-202316:30:36;60;99;28;6093.289;1920;139.336;56;84.115;4300.001;12354;60;18.669;46.4;FSR Quality
95;24-02-202316:30:37;60;99;28;6092.559;1920;140.782;53;77.083;4300.002;12314;58.4;19.334;46.4;FSR Quality
96;24-02-202316:30:38;60;99;26;6087.316;1920;138.423;57;84.635;4300;12373;56.9;20.348;46.5;FSR Quality
97;24-02-202316:30:39;60;99;27;6089.902;1920;137.647;56;88.021;4300;12462;55.6;20.029;46.5;FSR Quality
98;24-02-202316:30:40;60;99;27;6089.902;1920;138.502;56;77.344;4300.002;12425;57.4;19.919;46.6;FSR Quality
1;24-02-202316:25:15;58;99;27;6063.184;1935;132.82;54;80.469;4300.002;11211;70.8;21.023;39.3;FSR Balance
2;24-02-202316:25:16;59;99;28;6063.184;1935;133.247;56;83.854;4300.001;11273;72.3;15.653;39.5;FSR Balance
3;24-02-202316:25:17;59;99;29;6063.184;1935;134.088;52;76.563;4300.001;11338;73.4;15.066;39.7;FSR Balance
4;24-02-202316:25:18;59;99;28;6063.184;1935;133.285;51;72.135;4300.001;11372;73.7;14.985;40;FSR Balance
5;24-02-202316:25:19;59;99;27;6064.934;1935;132.238;53;74.219;4300.001;11392;70.6;20.068;40.2;FSR Balance
6;24-02-202316:25:20;59;99;28;6064.934;1920;132.045;54;74.6;4300.001;11414;72.1;15.357;40.4;FSR Balance
7;24-02-202316:25:21;60;99;28;6065.059;1920;135.03;52;68.274;4300.001;11474;75.5;15.249;40.7;FSR Balance
8;24-02-202316:25:22;59;99;26;6065.059;1920;127.062;54;76.563;4300.001;11495;69.9;18.318;40.9;FSR Balance
9;24-02-202316:25:23;60;99;25;6065.059;1920;125.871;53;71.615;4300.001;11543;56;20.767;41;FSR Balance
10;24-02-202316:25:24;59;98;26;6065.059;1920;122.765;56;77.865;4300.002;11631;60.2;19.134;41.1;FSR Balance
11;24-02-202316:25:25;60;99;25;6065.137;1920;120.56;55;81.51;4300.001;11690;62.5;18.307;41.2;FSR Balance
12;24-02-202316:25:26;60;99;25;6065.137;1920;123.385;55;84.635;4300.001;11722;59.8;19.457;41.4;FSR Balance
13;24-02-202316:25:27;60;99;25;6065.137;1920;122.655;55;81.25;4300.001;11745;59.6;18.548;41.5;FSR Balance
14;24-02-202316:25:28;60;99;25;6058.441;1920;121.465;54;86.979;4300.001;11837;60.4;18.3;41.6;FSR Balance
15;24-02-202316:25:29;60;97;24;6068.574;1920;117.516;56;96.354;4300.001;11852;57.8;21.362;41.7;FSR Balance
16;24-02-202316:25:30;61;99;25;6078.004;1920;123.327;56;99.74;4300.001;11860;53.3;26.872;41.8;FSR Balance
17;24-02-202316:25:31;61;100;24;6078.004;1920;122.433;54;88.281;4300;11863;54.8;20.038;41.9;FSR Balance
18;24-02-202316:25:32;61;99;25;6068.293;1920;122.274;55;84.375;4300;11939;56.2;19.772;42;FSR Balance
19;24-02-202316:25:33;61;99;24;6063.457;1920;121.555;56;82.031;4300.002;11940;56.3;19.488;42.1;FSR Balance
20;24-02-202316:25:34;61;94;23;6072.309;1920;120.567;57;99.479;4299.999;11951;53.7;26.464;42.1;FSR Balance
21;24-02-202316:25:35;62;99;24;6066.434;1920;125.246;53;83.802;4299.999;11991;56.9;22.057;42.2;FSR Balance
22;24-02-202316:25:36;62;99;25;6078.406;1920;123.164;57;86.485;4300.002;12030;59.3;18.507;42.3;FSR Balance
23;24-02-202316:25:37;62;99;25;6070.563;1920;123.391;55;83.344;4300.002;12018;58.6;18.693;42.4;FSR Balance
24;24-02-202316:25:38;62;99;24;6066.469;1920;123.64;55;85.677;4300;11997;58.5;18.753;42.5;FSR Balance
25;24-02-202316:25:39;62;98;24;6072.688;1920;122.593;56;88.542;4300.003;12087;59.1;19.626;42.6;FSR Balance
26;24-02-202316:25:40;62;99;25;6103.992;1920;122.36;56;92.708;4300.003;12096;59.4;23.047;42.7;FSR Balance
27;24-02-202316:25:41;62;99;25;6104.305;1920;122.976;54;95.833;4300.001;12083;59.5;20.775;42.8;FSR Balance
28;24-02-202316:25:42;62;99;25;6099.117;1920;124.578;55;82.031;4300.001;12063;59.6;17.749;42.9;FSR Balance
29;24-02-202316:25:43;62;99;25;6105.246;1920;125.343;54;81.975;4300.002;12164;59.9;17.745;43;FSR Balance
30;24-02-202316:25:44;62;92;23;6107.867;1920;116.598;57;99.471;4300.001;12159;57.9;23.983;43.1;FSR Balance
31;24-02-202316:25:45;62;98;25;6110.141;1920;123.645;55;95.573;4300.001;12129;57.4;30.207;43.2;FSR Balance
32;24-02-202316:25:46;62;99;26;6103.371;1920;123.032;56;85.938;4300;12087;60.5;22.092;43.3;FSR Balance
33;24-02-202316:25:47;62;99;27;6113.559;1920;124.032;54;80.469;4300;12169;62.3;18.845;43.4;FSR Balance
34;24-02-202316:25:48;61;95;24;6103.344;1920;122.068;56;94.072;4300.001;12131;60.8;20.357;43.5;FSR Balance
35;24-02-202316:25:49;61;99;25;6110.016;1920;120.368;58;99.479;4300.002;12127;60.3;21.97;43.6;FSR Balance
36;24-02-202316:25:50;61;99;25;6112.512;1920;121.881;56;86.979;4300.002;12108;61;18.683;43.7;FSR Balance
37;24-02-202316:25:51;61;99;24;6106.246;1920;126.496;57;93.318;4300.001;12321;59.5;20.211;43.8;FSR Balance
38;24-02-202316:25:52;60;98;24;6121.941;1920;126.094;58;98.678;4299.999;12233;56.7;36.837;43.9;FSR Balance
39;24-02-202316:25:53;61;97;25;6041.215;1920;128.451;55;95.052;4300.002;12207;60.3;28.137;44;FSR Balance
40;24-02-202316:25:54;61;96;25;6031.324;1920;124.729;55;87.76;4300.002;12234;59.6;19.798;44.1;FSR Balance
41;24-02-202316:25:55;61;97;25;6034.789;1920;128.347;57;99.74;4300.002;12232;57.9;26.077;44.1;FSR Balance
42;24-02-202316:25:56;61;95;26;6026.281;1920;128.273;56;99.219;4300.002;12202;61.6;22.448;44.2;FSR Balance
43;24-02-202316:25:57;61;97;25;6032.387;1920;132.942;57;99.74;4300;12240;61.1;20.657;44.3;FSR Balance
44;24-02-202316:25:58;61;98;27;6026.18;1920;134.462;54;98.177;4300;12324;66.9;16.679;44.5;FSR Balance
45;24-02-202316:25:59;61;98;27;6019.496;1920;134.414;56;80.469;4300.003;12289;69.6;16.335;44.6;FSR Balance
46;24-02-202316:26:00;61;96;26;6021.652;1920;131.141;58;99.74;4300.001;12190;66.7;19.306;44.7;FSR Balance
47;24-02-202316:26:01;61;99;27;6016.563;1920;132.983;59;98.438;4300.001;12163;66.5;23.606;44.8;FSR Balance
48;24-02-202316:26:02;61;99;27;6016.75;1920;134.483;56;85.156;4300.001;12244;70.5;17.234;45;FSR Balance
49;24-02-202316:26:03;61;99;26;6018.344;1920;133.527;55;78.646;4300.001;12200;69.3;15.648;45.1;FSR Balance
50;24-02-202316:26:04;61;98;25;6027.039;1920;132.568;58;96.615;4300.001;12149;65.6;18.687;45.2;FSR Balance
51;24-02-202316:26:05;61;99;27;6026.656;1920;133.19;54;90.625;4299.998;12144;66.3;19.555;45.3;FSR Balance
52;24-02-202316:26:06;61;99;26;6022.266;1920;133.089;54;79.427;4299.998;12195;68.1;17.126;45.4;FSR Balance
53;24-02-202316:26:07;60;99;26;6025.809;1920;132.502;57;92.816;4300.002;12180;66.2;19.011;45.5;FSR Balance
54;24-02-202316:26:08;60;99;26;6083.777;1920;130.279;57;100;4300.001;12137;63.1;19.883;45.6;FSR Balance
55;24-02-202316:26:09;60;97;26;6087.055;1920;129.077;56;98.678;4300.001;12180;60.1;22.405;45.7;FSR Balance
56;24-02-202316:26:10;60;99;26;6089.859;1920;130.417;57;96.921;4300.001;12151;59.8;20.237;45.8;FSR Balance
57;24-02-202316:26:11;60;99;27;6089.477;1920;130.153;55;88.021;4300.002;12134;58.4;21.241;45.8;FSR Balance
58;24-02-202316:26:12;60;99;26;6089.84;1920;131.459;55;83.594;4300.001;12112;58.2;20.35;45.9;FSR Balance
59;24-02-202316:26:13;60;99;27;6089.965;1920;131.711;57;81.229;4300.001;12209;59.2;19.712;46;FSR Balance
60;24-02-202316:26:14;60;96;26;6098.402;1920;129.673;58;100;4300.001;12200;59.2;22.162;46;FSR Balance
61;24-02-202316:26:15;60;99;26;6092.383;1920;130.054;59;90.507;4300.001;12170;58.9;25.335;46.1;FSR Balance
62;24-02-202316:26:16;60;99;26;6092.383;1920;127.869;55;84.93;4300.001;12137;60.8;18.916;46.2;FSR Balance
63;24-02-202316:26:17;60;98;25;6092.32;1920;126.323;56;91.927;4300.001;12359;60.7;19.259;46.3;FSR Balance
64;24-02-202316:26:18;60;99;25;6098.258;1920;128.774;58;98.958;4300.001;12320;59.8;25.143;46.3;FSR Balance
65;24-02-202316:26:19;60;98;25;6098.258;1920;129.917;56;96.354;4300.001;12274;59.6;19.249;46.4;FSR Balance
66;24-02-202316:26:20;60;99;26;6086.266;1920;128.028;56;96.151;4300.001;12291;58.8;20.867;46.4;FSR Balance
67;24-02-202316:26:21;59;92;24;6087.266;1920;125.664;58;99.471;4300.002;12263;58.1;26.177;46.5;FSR Balance
68;24-02-202316:26:22;60;99;26;6086.691;1920;130.297;58;97.917;4300.001;12248;56.9;31.722;46.6;FSR Balance
69;24-02-202316:26:23;60;99;25;6086.691;1920;130.178;57;92.708;4300.001;12199;59.8;20.406;46.6;FSR Balance
70;24-02-202316:26:24;59;98;26;6086.691;1920;130.489;56;82.031;4300.001;12297;60.5;19.233;46.7;FSR Balance
71;24-02-202316:26:25;59;99;26;6094.422;1920;126.492;57;98.974;4300.001;12247;55.1;22.718;46.7;FSR Balance
72;24-02-202316:26:26;59;99;26;6094.422;1920;131.566;56;92.708;4300;12216;56.3;19.525;46.8;FSR Balance
73;24-02-202316:26:27;59;99;26;6088.547;1920;130.391;57;83.873;4300.002;12181;57.8;19.866;46.8;FSR Balance
74;24-02-202316:26:28;59;99;26;6092.383;1920;129.798;55;88.281;4300.002;12291;56.4;19.72;46.9;FSR Balance
75;24-02-202316:26:29;59;97;26;6088.516;1920;129.981;56;80.99;4300.002;12271;55.9;21.342;46.9;FSR Balance
76;24-02-202316:26:30;59;99;26;6096.031;1920;128.783;57;88.281;4300.002;12241;55.2;24.421;46.9;FSR Balance
77;24-02-202316:26:31;59;97;26;6095.719;1920;123.123;56;99.219;4300.001;12304;55.6;23.441;47;FSR Balance
78;24-02-202316:26:32;59;99;27;6092.559;1920;129.367;55;94.01;4300.001;12359;59.3;20.317;47;FSR Balance
79;24-02-202316:26:33;59;99;27;6092.559;1920;129.87;55;83.854;4300.001;12329;59.8;18.196;47.1;FSR Balance
80;24-02-202316:26:34;59;98;26;6097.34;1920;129.546;56;91.02;4300.001;12290;58.9;20.975;47.2;FSR Balance
81;24-02-202316:26:35;59;99;27;6098.527;1920;129.855;55;81.229;4300.001;12357;58.8;19.079;47.2;FSR Balance
82;24-02-202316:26:36;59;99;26;6098.527;1920;129.052;55;87.24;4300.001;12364;59.4;18.371;47.3;FSR Balance
83;24-02-202316:26:37;59;99;26;6103.902;1920;128.578;59;97.396;4300;12369;61;20.567;47.3;FSR Balance
84;24-02-202316:26:38;59;99;26;6091.141;1920;131.946;56;95.11;4300.001;12318;63.6;20.355;47.4;FSR Balance
85;24-02-202316:26:39;59;98;26;6097.016;1920;131.605;55;86.312;4300.001;12414;64.7;18.566;47.5;FSR Balance
86;24-02-202316:26:40;59;99;26;6090.781;1920;132.496;55;92.448;4300.001;12371;64.3;18.9;47.6;FSR Balance
87;24-02-202316:26:41;59;99;27;6090.781;1920;132.121;55;85.417;4300.001;12328;62.6;18.209;47.6;FSR Balance
88;24-02-202316:26:42;59;99;26;6092.715;1920;129.627;55;82.552;4300.002;12286;61.7;17.872;47.7;FSR Balance
89;24-02-202316:26:43;59;98;25;6098.934;1920;127.639;56;96.875;4299.999;12326;58.8;25.37;47.7;FSR Balance
90;24-02-202316:26:44;59;99;26;6098.551;1920;124.179;58;99.479;4299.999;12274;57.4;22.792;47.8;FSR Balance
91;24-02-202316:26:45;59;99;26;6084.832;1920;133.186;57;92.708;4300.002;12242;57.8;21.442;47.8;FSR Balance
92;24-02-202316:26:46;59;99;27;6088.184;1920;132.34;55;74.74;4300.002;12268;59.5;18.361;47.9;FSR Balance
93;24-02-202316:26:47;59;99;26;6088.121;1920;130.993;58;84.115;4300.001;12352;60.8;18.814;47.9;FSR Balance
94;24-02-202316:26:48;59;99;27;6082.984;1920;133.274;58;97.396;4300.001;12309;61.9;20.373;48;FSR Balance
95;24-02-202316:26:49;59;99;27;6085.492;1920;133.377;56;74.479;4300.001;12269;61.4;19.69;48;FSR Balance
96;24-02-202316:26:50;59;99;26;6080.25;1920;133.043;57;79.427;4300.001;12370;59.7;20.058;48.1;FSR Balance
97;24-02-202316:26:51;59;99;25;6083.547;1920;133.12;57;94.792;4300;12417;58.1;21.705;48.1;FSR Balance
98;24-02-202316:26:52;59;99;27;6085.211;1920;135.041;55;73.438;4300;12380;59.8;20.111;48.2;FSR Balance
1;24-02-202316:33:16;57;99;28;6053.02;1927;134.387;54;75.781;4300.002;11191;76.3;16.424;40.2;FSR Performance
2;24-02-202316:33:17;58;99;28;6053.02;1927;132.354;54;69.271;4300.002;11304;75.4;17.39;40.4;FSR Performance
3;24-02-202316:33:18;58;99;29;6053.02;1927;130.547;53;72.396;4300.001;11372;77.7;16.418;40.7;FSR Performance
4;24-02-202316:33:19;58;99;28;6053.02;1927;132.168;52;67.448;4300.001;11417;76.8;15.775;41;FSR Performance
5;24-02-202316:33:20;58;99;24;6053.082;1927;120.705;55;77.344;4300.001;11439;74.6;17.083;41.2;FSR Performance
6;24-02-202316:33:21;59;99;26;6053.082;1927;130.894;55;73.761;4300;11479;75;15.484;41.5;FSR Performance
7;24-02-202316:33:22;59;99;28;6054.77;1927;133.046;55;75.724;4300.002;11484;77.1;16.764;41.7;FSR Performance
8;24-02-202316:33:23;59;99;27;6054.77;1927;130.569;55;73.177;4300.002;11502;78.5;18.082;42;FSR Performance
9;24-02-202316:33:24;59;99;25;6054.77;1927;123.469;54;76.563;4300.001;11542;59.4;19.54;42.1;FSR Performance
10;24-02-202316:33:25;59;99;25;6054.77;1927;118.959;57;72.656;4300.001;11617;61.4;18.271;42.2;FSR Performance
11;24-02-202316:33:26;59;99;25;6054.77;1927;118.911;56;78.125;4300.002;11658;65.3;19.376;42.4;FSR Performance
12;24-02-202316:33:27;59;99;25;6054.848;1927;118.814;53;85.417;4300.001;11695;61.9;18.609;42.5;FSR Performance
13;24-02-202316:33:28;60;99;24;6054.848;1920;119.206;55;84.635;4299.998;11746;61.1;18.573;42.7;FSR Performance
14;24-02-202316:33:29;60;99;25;6050.055;1920;120.964;55;83.767;4299.998;11810;62.2;18.483;42.8;FSR Performance
15;24-02-202316:33:30;60;97;24;6052.777;1920;112.484;56;89.997;4300.003;11818;60.5;24.214;42.9;FSR Performance
16;24-02-202316:33:31;60;99;25;6062.797;1920;119.542;58;99.479;4300.001;11835;54.5;23.071;43;FSR Performance
17;24-02-202316:33:32;60;99;24;6067.715;1920;120.876;56;90.625;4300.001;11915;56.2;24.85;43.1;FSR Performance
18;24-02-202316:33:33;61;99;24;6060.047;1920;119.705;55;83.594;4300.001;11913;57;19.01;43.2;FSR Performance
19;24-02-202316:33:34;61;99;24;6051.293;1920;118.331;54;85.938;4300.001;11919;58.9;19.984;43.3;FSR Performance
20;24-02-202316:33:35;61;96;22;6059.832;1920;119.84;57;94.01;4299.999;11917;57.5;21.206;43.4;FSR Performance
21;24-02-202316:33:36;61;99;24;6060.145;1920;120.668;57;92.969;4299.999;12011;58.6;20.546;43.5;FSR Performance
22;24-02-202316:33:37;62;99;24;6064.484;1920;119.927;56;87.251;4300.002;12005;60.2;19.848;43.6;FSR Performance
23;24-02-202316:33:38;62;99;24;6060.273;1920;122.148;57;85.125;4300.001;11997;61.6;18.036;43.7;FSR Performance
24;24-02-202316:33:39;62;99;24;6053.117;1920;118.716;55;84.375;4300.001;11979;60.1;17.984;43.8;FSR Performance
25;24-02-202316:33:40;62;99;25;6054.621;1920;118.68;56;88.542;4300.001;12059;60.1;22.795;43.9;FSR Performance
26;24-02-202316:33:41;62;96;24;6061.703;1920;119.791;55;92.303;4299.999;12069;61.6;20.599;44;FSR Performance
27;24-02-202316:33:42;62;96;24;6094.016;1920;118.516;57;99.736;4300.002;12054;60.8;22.261;44.1;FSR Performance
28;24-02-202316:33:43;63;99;24;6086.891;1920;121.61;56;88.021;4300.002;12033;61.9;17.262;44.2;FSR Performance
29;24-02-202316:33:44;63;99;25;6086.891;1920;120.812;55;88.948;4300.001;12129;61.1;21.786;44.3;FSR Performance
30;24-02-202316:33:45;62;97;24;6095.016;1920;118.426;56;92.953;4300.002;12133;59.6;23.211;44.4;FSR Performance
31;24-02-202316:33:46;62;97;24;6101.516;1920;121.278;56;99.471;4299.995;12106;59;22.329;44.5;FSR Performance
32;24-02-202316:33:47;62;99;26;6093.02;1920;123.082;55;93.49;4299.995;12189;61.9;19.149;44.6;FSR Performance
33;24-02-202316:33:48;62;99;26;6103.27;1920;123.552;55;92.188;4300.005;12163;64;19.482;44.7;FSR Performance
34;24-02-202316:33:49;62;99;26;6103.457;1920;120.238;55;91.927;4300.002;12131;64;23.914;44.8;FSR Performance
35;24-02-202316:33:50;62;95;24;6087.242;1920;120.693;56;99.74;4300.002;12118;60.6;25.778;44.9;FSR Performance
36;24-02-202316:33:51;62;99;24;6102.223;1920;122.036;55;99.219;4300.001;12203;63.6;20.71;45;FSR Performance
37;24-02-202316:33:52;61;93;22;6095.957;1920;117.811;56;97.656;4300;12241;61.9;21.933;45.1;FSR Performance
38;24-02-202316:33:53;62;96;23;6099.797;1920;123.31;58;100;4300.001;12097;59.4;23.844;45.2;FSR Performance
39;24-02-202316:33:54;61;93;24;6031.082;1920;126.405;56;100;4300.001;12036;58.1;55.228;45.3;FSR Performance
40;24-02-202316:33:55;61;99;25;6021.691;1920;124.502;56;98.958;4300.001;12078;63.7;19.671;45.4;FSR Performance
41;24-02-202316:33:56;61;93;24;6025.039;1920;117.362;57;99.487;4300.001;12031;58.5;24.651;45.5;FSR Performance
42;24-02-202316:33:57;61;98;25;6016.648;1920;126.178;56;99.736;4300.002;11998;63.4;21.375;45.6;FSR Performance
43;24-02-202316:33:58;61;91;24;6016.336;1920;124.51;57;99.23;4300.002;12071;62.3;24.48;45.7;FSR Performance
44;24-02-202316:33:59;61;96;25;6013.672;1920;126.721;57;99.736;4300.001;12128;65.8;20.395;45.8;FSR Performance
45;24-02-202316:34:00;61;99;27;6006.988;1920;130.57;55;99.479;4300.001;12100;69.6;22.509;45.9;FSR Performance
46;24-02-202316:34:01;61;90;24;6003.145;1920;123.35;57;97.656;4300.001;12028;68.7;19.669;46.1;FSR Performance
47;24-02-202316:34:02;61;97;26;6008.117;1920;124.138;56;99.74;4300.001;12102;67.8;21.183;46.2;FSR Performance
48;24-02-202316:34:03;61;99;27;6006.742;1920;127.597;56;100;4300.002;12076;69.9;19.449;46.3;FSR Performance
49;24-02-202316:34:04;61;99;26;6008.336;1920;129.044;56;98.438;4300.002;12020;72.5;16.217;46.5;FSR Performance
50;24-02-202316:34:05;61;99;25;6008.336;1920;129.291;58;95.125;4300.001;11945;69.5;17.111;46.6;FSR Performance
51;24-02-202316:34:06;61;99;26;6016.648;1920;128.562;57;99.471;4300.001;12039;67.4;18.082;46.7;FSR Performance
52;24-02-202316:34:07;61;98;26;6012.258;1920;129.711;55;83.854;4300.001;11986;70.9;17.376;46.8;FSR Performance
53;24-02-202316:34:08;61;99;25;6012.133;1920;128.61;58;87.172;4300.001;11974;70.9;15.688;47;FSR Performance
54;24-02-202316:34:09;60;99;26;6047.582;1920;128.407;57;98.149;4300.002;11938;65.7;22.181;47.1;FSR Performance
55;24-02-202316:34:10;60;92;24;6045.172;1920;128.124;58;99.479;4300.002;11967;63.1;20.479;47.1;FSR Performance
56;24-02-202316:34:11;60;99;26;6041.523;1920;126.216;57;98.958;4300.001;11941;61.9;21.596;47.2;FSR Performance
57;24-02-202316:34:12;60;98;25;6047.594;1920;127.961;55;94.792;4300.001;11921;60.3;19.555;47.3;FSR Performance
58;24-02-202316:34:13;60;99;25;6047.957;1920;127.718;56;86.198;4300.001;11992;60.6;19.611;47.4;FSR Performance
59;24-02-202316:34:14;60;99;26;6048.02;1920;126.49;58;85.156;4300.001;11994;60.8;18.491;47.4;FSR Performance
60;24-02-202316:34:15;60;97;25;6052.297;1920;125.315;57;95.052;4300;11975;60.9;20.393;47.5;FSR Performance
61;24-02-202316:34:16;60;97;25;6056.645;1920;127.478;57;99.479;4300.003;11968;60.5;21.539;47.6;FSR Performance
62;24-02-202316:34:17;60;98;25;6050.625;1920;126.215;57;86.979;4300.001;12052;62.6;18.427;47.6;FSR Performance
63;24-02-202316:34:18;60;99;25;6050.625;1920;125.136;56;94.531;4300.001;12016;63.8;17.481;47.7;FSR Performance
64;24-02-202316:34:19;60;99;25;6057.211;1920;122.913;57;99.487;4300.002;12085;62.3;21.523;47.8;FSR Performance
65;24-02-202316:34:20;60;97;24;6056.5;1920;125.443;59;98.438;4299.999;12050;62.6;20.309;47.9;FSR Performance
66;24-02-202316:34:21;60;99;26;6047.559;1920;126.913;57;88.632;4300.002;12136;63.3;18.388;48;FSR Performance
67;24-02-202316:34:22;60;97;25;6044.57;1920;125.733;57;90.885;4300.002;12044;61.7;19.651;48;FSR Performance
68;24-02-202316:34:23;59;98;25;6047.582;1920;125.633;57;99.743;4300;11982;61.3;19.862;48.1;FSR Performance
69;24-02-202316:34:24;59;99;26;6044.934;1920;127.827;57;95.052;4300.003;11961;62.8;25.203;48.2;FSR Performance
70;24-02-202316:34:25;60;99;27;6044.934;1920;128.371;55;95.257;4300.003;12062;64.1;17.519;48.2;FSR Performance
71;24-02-202316:34:26;59;98;25;6048.422;1920;121.914;56;97.396;4300;12025;59.3;22.839;48.3;FSR Performance
72;24-02-202316:34:27;59;99;25;6052.664;1920;124.876;58;100;4300.005;11996;57.2;22.357;48.3;FSR Performance
73;24-02-202316:34:28;59;99;26;6052.664;1920;127.883;57;89.063;4300.005;12092;59.7;20.391;48.4;FSR Performance
74;24-02-202316:34:29;59;99;25;6052.148;1920;125.816;57;87.76;4300.001;12067;59.9;18.139;48.4;FSR Performance
75;24-02-202316:34:30;59;99;26;6050.625;1920;126.661;59;88.021;4300.001;12049;58.1;19.855;48.5;FSR Performance
76;24-02-202316:34:31;59;98;25;6047.871;1920;126.336;56;91.406;4300;12019;58.7;18.962;48.5;FSR Performance
77;24-02-202316:34:32;59;95;24;6053.836;1920;122.211;56;96.875;4300.005;12158;56.5;23.094;48.6;FSR Performance
78;24-02-202316:34:33;59;99;26;6050.801;1920;126.022;58;98.438;4300;12128;59.8;21.103;48.6;FSR Performance
79;24-02-202316:34:34;59;99;27;6050.801;1920;126.705;58;91.667;4300;12072;62.9;20.32;48.7;FSR Performance
80;24-02-202316:34:35;59;99;26;6050.801;1920;123.871;56;78.646;4300;12084;62;18.642;48.8;FSR Performance
81;24-02-202316:34:36;59;99;26;6056.77;1920;124.264;57;90.104;4300;12139;60.8;18.353;48.8;FSR Performance
82;24-02-202316:34:37;59;98;25;6056.77;1920;126.95;56;85.417;4300.001;12115;60.9;19.034;48.9;FSR Performance
83;24-02-202316:34:38;59;94;24;6062.785;1920;125.461;57;96.094;4300.001;12119;62.7;23.883;48.9;FSR Performance
84;24-02-202316:34:39;59;99;25;6062.145;1920;128.311;56;98.204;4300.001;12159;65.8;19.874;49;FSR Performance
85;24-02-202316:34:40;59;99;26;6055.258;1920;129.762;56;86.023;4300.001;12167;68.3;17.243;49.1;FSR Performance
86;24-02-202316:34:41;59;99;25;6055.258;1920;130.287;56;81.014;4300.002;12123;67.7;16.611;49.2;FSR Performance
87;24-02-202316:34:42;59;98;25;6049.023;1920;128.709;56;79.114;4300;12080;66.6;17.73;49.3;FSR Performance
88;24-02-202316:34:43;59;99;26;6050.957;1920;128.085;56;81.771;4300;12175;65.1;17.09;49.3;FSR Performance
89;24-02-202316:34:44;59;95;24;6050.895;1920;124.071;57;99.743;4300.001;12095;63.2;20.659;49.4;FSR Performance
90;24-02-202316:34:45;59;98;25;6050.668;1920;125.651;58;100;4300.001;12049;60.3;20.268;49.4;FSR Performance
91;24-02-202316:34:46;59;98;25;6048.258;1920;128.307;59;100;4300.001;12004;58.3;23.722;49.5;FSR Performance
92;24-02-202316:34:47;59;98;26;6043.074;1920;129.889;56;90.365;4300.001;12114;61.3;19.363;49.5;FSR Performance
93;24-02-202316:34:48;59;99;26;6046.426;1920;131.411;58;85.938;4300.001;12086;62.7;18.63;49.6;FSR Performance
94;24-02-202316:34:49;59;99;26;6041.227;1920;130.916;59;97.135;4300.001;12070;64.5;18.67;49.7;FSR Performance
95;24-02-202316:34:50;59;99;26;6043.941;1920;133.467;57;99.219;4300.001;12030;64.3;18.138;49.7;FSR Performance
96;24-02-202316:34:51;59;99;26;6043.734;1920;131.541;54;77.083;4300.001;12126;63.4;19.185;49.8;FSR Performance
97;24-02-202316:34:52;59;99;25;6038.492;1920;131.672;59;94.531;4300.001;12184;61.2;19.706;49.8;FSR Performance
98;24-02-202316:34:53;59;99;25;6037.703;1920;130.892;55;86.979;4300.001;12139;60;19.306;49.9;FSR Performance
