Datetime;GPUtemperature;GPUusage;FBusage;Memoryusage;Coreclock;Power;CPUtemperature;CPUusage;CPUclock;RAMusage;Framerate;Frametime;FramerateAvg
24-02-202310:13:34;63.000;99.000;35.000;4037.941;1897.000;165.149;53.000;25.367;4299.999;7084.000;34.500;0.000;42.700
24-02-202310:13:35;63.000;99.000;34.000;4038.316;1897.000;162.777;47.000;35.073;4299.999;7082.000;34.100;0.000;42.700
24-02-202310:13:36;63.000;99.000;35.000;4036.629;1912.000;165.848;46.000;20.869;4299.999;7081.000;34.300;0.000;42.700
24-02-202310:13:37;64.000;99.000;35.000;4036.629;1897.000;166.410;46.000;20.573;4299.999;7075.000;34.600;0.000;42.700
24-02-202310:13:38;63.000;99.000;35.000;4036.629;1897.000;166.531;49.000;22.396;4299.999;7104.000;34.600;0.000;42.700
24-02-202310:13:39;63.000;99.000;35.000;4036.629;1897.000;165.418;50.000;20.030;4299.999;7108.000;34.900;0.000;42.700
24-02-202310:13:40;63.000;99.000;35.000;4036.629;1905.000;167.298;50.000;19.811;4299.999;7102.000;34.900;0.000;42.700
24-02-202310:13:41;63.000;99.000;35.000;4036.629;1912.000;166.919;47.000;19.531;4299.999;7107.000;34.900;0.000;42.700
24-02-202310:13:42;63.000;99.000;35.000;4036.754;1905.000;165.594;46.000;20.833;4299.999;7104.000;34.800;0.000;42.700
24-02-202310:13:43;63.000;99.000;36.000;4020.566;1890.000;166.926;47.000;24.643;4300.000;7106.000;33.900;90.764;42.700
24-02-202310:13:44;63.000;99.000;36.000;4020.566;1882.000;168.117;46.000;21.928;4300.000;7108.000;34.900;30.165;42.700
24-02-202310:13:45;63.000;99.000;33.000;4020.566;1897.000;161.857;46.000;21.615;4299.999;7074.000;34.800;29.964;42.700
24-02-202310:13:46;63.000;99.000;33.000;4020.566;1912.000;162.750;46.000;20.542;4299.999;7075.000;34.600;30.356;42.700
24-02-202310:13:47;63.000;99.000;33.000;4020.566;1912.000;167.262;49.000;22.987;4299.999;7071.000;34.800;31.656;42.700
24-02-202310:13:48;64.000;99.000;33.000;4020.566;1905.000;165.315;46.000;22.336;4299.999;7076.000;35.100;29.378;42.700
24-02-202310:13:49;63.000;99.000;33.000;4020.566;1912.000;162.832;48.000;18.487;4299.999;7073.000;35.100;30.205;42.700
24-02-202310:13:50;63.000;99.000;33.000;4020.566;1905.000;165.371;47.000;24.219;4299.999;7076.000;35.000;29.881;42.700
24-02-202310:13:51;54.000;3.000;1.000;3803.566;1920.000;56.164;52.000;22.080;4299.999;6080.000;9.700;627.895;42.700
24-02-202310:13:52;53.000;2.000;1.000;3803.566;502.000;55.555;48.000;26.427;4299.999;6194.000;9.700;0.000;42.700
24-02-202310:13:53;51.000;8.000;2.000;3803.566;345.000;34.587;52.000;20.833;4299.999;6310.000;0.000;0.000;42.700
24-02-202310:13:54;57.000;51.000;13.000;3803.566;1935.000;112.432;45.000;12.500;4299.999;6327.000;15.000;2205.467;42.600
24-02-202310:13:55;57.000;58.000;14.000;3803.566;1935.000;113.810;45.000;8.854;4299.999;6328.000;60.100;18.861;42.600
24-02-202310:13:56;57.000;55.000;13.000;3803.566;1935.000;113.585;45.000;9.115;4299.999;6327.000;60.100;16.952;42.600
24-02-202310:13:57;57.000;51.000;13.000;3803.566;1935.000;113.046;45.000;10.156;4299.999;6326.000;60.100;17.209;42.600
24-02-202310:13:58;57.000;51.000;13.000;3803.566;1935.000;112.938;45.000;9.777;4299.999;6325.000;60.100;16.942;42.600
24-02-202310:13:59;57.000;55.000;14.000;3803.566;1935.000;113.518;44.000;9.375;4299.999;6327.000;60.100;17.423;42.700
24-02-202310:14:00;57.000;58.000;13.000;3803.566;1935.000;113.717;46.000;9.375;4299.999;6147.000;60.000;18.651;42.700
24-02-202310:14:01;57.000;57.000;13.000;3803.566;1935.000;113.264;46.000;8.695;4299.999;6107.000;60.200;17.776;42.700
24-02-202310:14:02;57.000;54.000;13.000;3803.566;1935.000;112.669;45.000;10.938;4299.999;6103.000;60.100;17.349;42.700
24-02-202310:14:03;57.000;51.000;13.000;3803.566;1935.000;112.993;44.000;10.033;4299.999;6101.000;60.100;17.208;42.700
24-02-202310:14:04;57.000;55.000;13.000;3803.566;1935.000;113.161;45.000;9.115;4299.999;6107.000;60.100;17.483;42.700
24-02-202310:14:05;57.000;54.000;13.000;3803.566;1935.000;112.844;45.000;7.901;4299.999;6105.000;60.100;16.901;42.700
24-02-202310:14:06;56.000;56.000;13.000;3803.566;1935.000;113.673;45.000;10.938;4299.999;6101.000;60.100;17.507;42.700
24-02-202310:14:07;57.000;56.000;13.000;3803.566;1935.000;113.826;46.000;11.571;4299.999;6103.000;60.100;17.155;42.700
24-02-202310:14:08;56.000;59.000;14.000;3803.566;1935.000;114.298;45.000;10.813;4299.999;6103.000;60.100;16.872;42.700
24-02-202310:14:09;57.000;55.000;13.000;3803.566;1935.000;113.376;45.000;10.677;4299.999;6104.000;60.100;17.362;42.700
24-02-202310:14:10;56.000;51.000;13.000;3803.566;1935.000;112.565;44.000;9.115;4299.999;6105.000;60.100;16.969;42.700
24-02-202310:14:11;57.000;55.000;13.000;3803.566;1935.000;112.994;45.000;11.198;4299.999;6104.000;60.100;17.398;42.700
24-02-202310:14:12;56.000;58.000;13.000;3803.566;1935.000;113.272;45.000;12.240;4299.999;6106.000;60.100;17.532;42.700
24-02-202310:14:13;56.000;56.000;13.000;3803.566;1935.000;112.871;45.000;8.854;4299.999;6103.000;60.200;17.501;42.700
24-02-202310:14:14;56.000;53.000;13.000;3803.566;1935.000;112.909;45.000;13.109;4299.999;6108.000;60.100;17.210;42.700
24-02-202310:14:15;56.000;51.000;13.000;3803.316;1935.000;112.765;45.000;10.813;4299.998;6101.000;60.100;17.086;42.700
24-02-202310:14:16;56.000;52.000;13.000;3803.316;1935.000;112.698;45.000;10.033;4300.000;6102.000;60.100;17.565;42.700
24-02-202310:14:17;56.000;57.000;13.000;3803.316;1935.000;112.980;45.000;11.342;4300.000;6101.000;60.200;17.079;42.700
24-02-202310:14:18;56.000;56.000;13.000;3803.316;1935.000;112.649;44.000;10.546;4299.999;6101.000;60.100;17.255;42.700
24-02-202310:14:19;56.000;54.000;13.000;3803.316;1935.000;112.577;45.000;8.166;4299.999;6098.000;60.100;17.468;42.800
24-02-202310:14:20;55.000;51.000;13.000;3803.316;1935.000;112.751;45.000;12.240;4299.999;6098.000;60.100;16.888;42.800
24-02-202310:14:21;56.000;56.000;13.000;3803.316;1935.000;113.603;45.000;9.896;4299.999;6100.000;60.100;17.384;42.800
24-02-202310:14:22;55.000;57.000;13.000;3803.316;1935.000;113.720;44.000;9.896;4299.999;6100.000;60.100;17.004;42.800
24-02-202310:14:23;56.000;56.000;13.000;3803.316;1935.000;113.562;44.000;9.635;4299.999;6100.000;60.100;17.310;42.800
24-02-202310:14:24;56.000;55.000;13.000;3803.316;1935.000;112.677;45.000;11.719;4299.999;6099.000;60.000;17.431;42.800
24-02-202310:14:25;56.000;52.000;13.000;3803.316;1935.000;112.478;45.000;11.315;4299.999;6098.000;60.200;17.214;42.800
24-02-202310:14:26;55.000;55.000;13.000;3803.316;1935.000;112.411;45.000;10.548;4299.999;6098.000;60.100;18.053;42.800
24-02-202310:14:27;56.000;54.000;13.000;3803.316;1935.000;111.395;44.000;12.084;4299.999;6101.000;60.100;18.408;42.800
24-02-202310:14:28;55.000;56.000;13.000;3803.316;1935.000;113.004;45.000;8.695;4299.999;6096.000;60.200;17.482;42.800
24-02-202310:14:29;56.000;55.000;13.000;3803.316;1935.000;112.802;48.000;12.340;4299.999;6097.000;60.100;17.028;42.800
24-02-202310:14:30;55.000;58.000;13.000;3803.316;1935.000;113.117;44.000;8.695;4299.999;6098.000;60.100;17.794;42.800
24-02-202310:14:31;56.000;55.000;13.000;3803.316;1935.000;112.795;46.000;8.333;4300.000;6101.000;60.100;17.208;42.800
24-02-202310:14:32;55.000;51.000;13.000;3803.316;1935.000;112.246;44.000;10.156;4299.999;6098.000;60.100;17.004;42.800
24-02-202310:14:33;55.000;51.000;13.000;3803.316;1935.000;111.149;45.000;10.417;4299.999;6102.000;60.100;17.909;42.800
24-02-202310:14:34;55.000;59.000;14.000;3803.316;1935.000;113.760;45.000;12.853;4299.999;6099.000;60.100;17.100;42.800
24-02-202310:14:35;55.000;56.000;13.000;3803.316;1935.000;113.005;45.000;10.283;4299.999;6098.000;60.100;17.594;42.800
24-02-202310:14:36;55.000;53.000;13.000;3803.316;1935.000;112.691;45.000;11.458;4299.999;6101.000;60.100;17.365;42.800
24-02-202310:14:37;55.000;52.000;13.000;3803.316;1935.000;112.430;46.000;11.719;4299.999;6099.000;60.200;16.977;42.800
24-02-202310:14:38;55.000;52.000;13.000;3803.316;1935.000;112.661;47.000;9.375;4299.999;6091.000;60.100;17.599;42.800
24-02-202310:14:39;55.000;58.000;14.000;3803.316;1935.000;113.338;46.000;8.333;4299.999;6094.000;60.200;16.983;42.900
24-02-202310:14:40;55.000;57.000;13.000;3803.316;1935.000;113.077;45.000;11.719;4299.999;6090.000;60.100;17.380;42.900
24-02-202310:14:41;55.000;54.000;13.000;3803.316;1935.000;112.820;47.000;11.827;4299.999;6089.000;60.100;17.005;42.900
24-02-202310:14:42;56.000;51.000;13.000;3803.316;1935.000;112.116;45.000;10.283;4299.998;6088.000;60.100;17.118;42.900
24-02-202310:14:43;55.000;55.000;13.000;3803.316;1935.000;112.581;45.000;13.281;4299.998;6090.000;60.100;17.364;42.900
24-02-202310:14:44;55.000;55.000;13.000;3803.316;1935.000;112.426;45.000;10.033;4300.000;6087.000;60.100;17.083;42.900
24-02-202310:14:45;55.000;57.000;13.000;3803.316;1935.000;113.023;44.000;9.754;4299.999;6082.000;60.100;17.739;42.900
24-02-202310:14:46;55.000;55.000;13.000;3803.316;1935.000;112.890;45.000;12.760;4300.000;6086.000;60.100;16.937;42.900
24-02-202310:14:47;55.000;57.000;13.000;3803.316;1935.000;113.059;45.000;9.635;4300.000;6086.000;60.100;17.412;42.900
24-02-202310:14:48;55.000;55.000;13.000;3803.316;1935.000;112.679;45.000;11.827;4299.999;6086.000;60.100;17.334;42.900
24-02-202310:14:49;55.000;53.000;13.000;3803.316;1935.000;112.351;45.000;10.813;4299.999;6086.000;60.200;17.121;42.900
24-02-202310:14:50;55.000;55.000;13.000;3803.316;1935.000;112.359;48.000;13.281;4299.999;6084.000;60.000;17.923;42.900
24-02-202310:14:51;55.000;56.000;14.000;3803.316;1935.000;112.739;45.000;12.760;4300.000;6086.000;60.100;17.556;42.900
24-02-202310:14:52;55.000;56.000;12.000;4038.535;1935.000;109.817;46.000;10.290;4300.000;6089.000;55.100;85.374;42.900
24-02-202310:14:53;52.000;26.000;7.000;4171.973;1935.000;78.777;47.000;11.871;4299.999;6087.000;59.300;43.867;42.900
24-02-202310:14:54;51.000;25.000;7.000;4171.973;1402.000;78.428;46.000;13.542;4299.999;6084.000;60.100;17.813;42.900
24-02-202310:14:55;55.000;63.000;16.000;4632.410;1935.000;127.608;45.000;19.010;4299.999;6091.000;40.800;352.957;42.900
24-02-202310:14:56;55.000;59.000;16.000;4632.410;1935.000;127.499;44.000;11.571;4299.999;6094.000;60.100;17.375;42.900
24-02-202310:14:57;56.000;60.000;16.000;4632.410;1935.000;126.516;46.000;9.225;4300.000;6093.000;60.000;17.612;42.900
24-02-202310:14:58;56.000;65.000;17.000;4632.410;1935.000;129.133;45.000;8.073;4299.999;6092.000;60.300;17.294;42.900
24-02-202310:14:59;56.000;65.000;17.000;4632.410;1935.000;129.142;45.000;12.500;4299.999;6094.000;60.100;18.965;42.900
24-02-202310:15:00;56.000;63.000;16.000;4632.410;1935.000;127.653;45.000;11.571;4299.999;6092.000;60.200;17.627;42.900
24-02-202310:15:01;56.000;60.000;16.000;4632.410;1935.000;127.995;45.000;12.400;4299.999;6092.000;60.200;17.393;43.000
24-02-202310:15:02;56.000;62.000;16.000;4632.410;1935.000;127.384;45.000;8.594;4299.999;6088.000;60.100;29.720;43.000
24-02-202310:15:03;56.000;65.000;17.000;4632.410;1935.000;129.614;45.000;10.546;4299.999;6090.000;60.200;17.866;43.000
24-02-202310:15:04;56.000;64.000;17.000;4632.410;1935.000;128.969;45.000;9.225;4299.965;6088.000;60.100;18.485;43.000
24-02-202310:15:05;56.000;63.000;17.000;4632.410;1935.000;127.952;46.000;8.854;4299.965;6091.000;56.200;97.786;43.000
24-02-202310:15:06;56.000;65.000;17.000;4632.410;1935.000;128.523;44.000;9.264;4300.016;6088.000;60.100;29.071;43.000
24-02-202310:15:07;55.000;53.000;14.000;4632.410;1935.000;102.873;52.000;9.754;4299.999;6089.000;55.900;51.359;43.000
24-02-202310:15:08;53.000;28.000;8.000;4632.410;1935.000;90.615;52.000;26.302;4299.999;6121.000;24.600;115.102;43.000
24-02-202310:15:09;51.000;33.000;8.000;4632.410;1567.000;68.202;53.000;22.656;4299.999;6136.000;25.800;43.249;43.000
24-02-202310:15:10;51.000;37.000;8.000;4632.410;1500.000;65.324;53.000;20.313;4299.999;6138.000;25.800;44.163;43.000
24-02-202310:15:11;50.000;36.000;8.000;4632.410;1447.000;63.583;53.000;19.531;4299.999;6136.000;26.200;44.984;43.000
24-02-202310:15:12;50.000;40.000;9.000;4632.410;1537.000;64.351;52.000;23.874;4299.999;6142.000;26.600;40.975;43.000
24-02-202310:15:13;50.000;40.000;9.000;4632.410;1545.000;62.722;54.000;20.869;4299.999;6143.000;26.900;40.838;43.000
24-02-202310:15:14;48.000;3.000;1.000;4632.410;1545.000;43.525;52.000;19.792;4299.999;6207.000;26.800;39.485;42.900
24-02-202310:15:15;47.000;4.000;2.000;4632.410;855.000;34.427;53.000;18.750;4299.999;6186.000;4.700;522.919;42.900
24-02-202310:15:16;46.000;6.000;2.000;4632.410;570.000;34.095;49.000;19.517;4299.999;6280.000;4.700;0.000;42.900
24-02-202310:15:17;45.000;13.000;12.000;4632.410;412.000;29.206;46.000;19.546;4299.999;6300.000;0.000;0.000;42.900
24-02-202310:15:18;45.000;15.000;12.000;4632.410;315.000;28.962;49.000;18.490;4299.999;6319.000;0.000;0.000;42.900
24-02-202310:15:19;45.000;30.000;24.000;4632.410;255.000;27.839;49.000;18.750;4299.999;6425.000;0.000;0.000;42.900
24-02-202310:15:20;49.000;100.000;56.000;4633.848;1837.000;30.829;47.000;25.156;4299.999;6439.000;1.600;5063.691;42.900
24-02-202310:15:21;54.000;66.000;18.000;4633.848;1935.000;127.230;50.000;27.486;4300.000;6540.000;55.800;76.676;42.900
24-02-202310:15:22;54.000;65.000;17.000;4633.848;1935.000;129.676;48.000;22.917;4300.000;6514.000;60.100;17.387;42.900
24-02-202310:15:23;54.000;70.000;18.000;4633.848;1935.000;129.321;50.000;28.488;4299.999;6644.000;60.100;32.185;42.900
24-02-202310:15:24;49.000;2.000;1.000;4633.848;1912.000;54.348;52.000;27.486;4299.999;6750.000;60.200;16.835;42.900
24-02-202310:15:25;48.000;5.000;2.000;4850.348;1912.000;54.184;59.000;36.198;4299.999;7803.000;0.600;1510.757;42.900
24-02-202310:15:26;46.000;4.000;2.000;4850.348;930.000;34.402;47.000;24.219;4299.999;7789.000;1.200;65.116;42.900
24-02-202310:15:27;45.000;5.000;2.000;4850.348;622.000;34.147;51.000;23.958;4299.999;7855.000;0.000;0.000;42.900
24-02-202310:15:28;44.000;12.000;12.000;4850.348;435.000;29.173;48.000;23.874;4300.000;7818.000;0.000;0.000;42.900
24-02-202310:15:29;50.000;67.000;18.000;4850.348;1912.000;129.101;50.000;16.900;4299.999;7050.000;8.800;3060.741;42.800
24-02-202310:15:30;53.000;64.000;17.000;4850.348;1935.000;127.211;46.000;9.896;4299.999;7038.000;58.700;20.557;42.800
24-02-202310:15:31;47.000;2.000;1.000;4850.348;1912.000;54.351;59.000;20.798;4299.999;7073.000;51.900;169.278;42.800
24-02-202310:15:32;47.000;2.000;1.000;4850.348;1912.000;53.995;53.000;19.811;4299.999;7109.000;51.900;0.000;42.800
24-02-202310:15:33;54.000;99.000;38.000;4900.598;1890.000;161.831;48.000;30.606;4299.999;7101.000;10.600;1914.375;42.800
24-02-202310:15:34;54.000;70.000;28.000;4900.598;1905.000;121.505;51.000;17.694;4299.999;7120.000;39.900;229.927;42.800
24-02-202310:15:35;56.000;74.000;30.000;4900.598;1920.000;109.016;48.000;23.780;4299.999;7135.000;55.400;72.553;42.800
24-02-202310:15:36;57.000;93.000;38.000;4900.598;1905.000;159.844;48.000;22.917;4299.999;7102.000;59.700;31.777;42.800
24-02-202310:15:37;50.000;54.000;22.000;4900.598;1935.000;68.382;51.000;20.573;4299.999;7101.000;46.300;257.936;42.800
24-02-202310:15:38;54.000;87.000;35.000;4900.598;1920.000;139.829;49.000;23.958;4299.999;7113.000;26.900;245.888;42.800
24-02-202310:15:39;53.000;15.000;7.000;4900.598;1912.000;120.000;48.000;19.517;4300.000;7122.000;22.700;262.965;42.800
24-02-202310:15:40;56.000;95.000;39.000;4900.598;1905.000;144.362;53.000;24.740;4299.999;7025.000;37.600;212.009;42.800
24-02-202310:15:41;56.000;73.000;30.000;4900.598;1935.000;150.588;46.000;25.260;4299.999;7010.000;52.000;99.994;42.800
24-02-202310:15:42;57.000;94.000;38.000;4900.598;1882.000;162.402;45.000;25.633;4299.999;7063.000;40.600;354.162;42.800
24-02-202310:15:43;50.000;17.000;7.000;4900.598;1927.000;54.945;55.000;25.668;4300.000;7095.000;42.900;239.444;42.800
24-02-202310:15:44;48.000;10.000;4.000;4900.598;1942.000;54.534;55.000;33.573;4299.999;7119.000;0.900;1024.647;42.800
24-02-202310:15:45;46.000;30.000;7.000;4900.598;615.000;34.307;49.000;21.311;4299.999;7124.000;1.000;963.553;42.800
24-02-202310:15:46;55.000;99.000;38.000;4900.598;1935.000;163.580;45.000;19.546;4299.999;7122.000;22.600;511.582;42.800
24-02-202310:15:47;57.000;95.000;38.000;4900.598;1927.000;161.617;46.000;21.094;4300.000;7120.000;60.300;21.519;42.800
24-02-202310:15:48;57.000;93.000;38.000;4900.598;1927.000;164.752;47.000;21.875;4300.000;7119.000;60.100;17.928;42.800
24-02-202310:15:49;58.000;94.000;38.000;4900.598;1897.000;163.754;46.000;14.063;4299.999;7120.000;60.100;18.357;42.800
24-02-202310:15:50;58.000;94.000;38.000;4900.598;1920.000;159.984;45.000;17.188;4299.999;7122.000;60.100;18.132;42.800
24-02-202310:15:51;57.000;86.000;27.000;4900.598;1927.000;162.023;47.000;29.167;4299.999;7173.000;49.200;102.314;42.800
24-02-202310:15:52;58.000;99.000;33.000;4900.598;1927.000;161.756;48.000;20.833;4299.999;7155.000;41.300;25.378;42.800
24-02-202310:15:53;59.000;99.000;33.000;4900.598;1927.000;162.447;45.000;20.833;4299.999;7155.000;41.500;25.223;42.800
24-02-202310:15:54;58.000;99.000;33.000;4900.598;1927.000;163.040;46.000;19.531;4299.999;7157.000;41.500;25.045;42.800
24-02-202310:15:55;59.000;99.000;32.000;4900.598;1927.000;163.610;50.000;20.052;4299.999;7154.000;41.500;25.156;42.800
24-02-202310:15:56;59.000;99.000;34.000;4900.598;1927.000;163.571;47.000;22.336;4299.998;7155.000;41.500;25.985;42.800
24-02-202310:15:57;59.000;99.000;38.000;4900.598;1905.000;168.009;46.000;22.193;4300.001;7179.000;42.800;75.361;42.800
24-02-202310:15:58;59.000;99.000;39.000;4900.598;1905.000;167.667;47.000;18.490;4300.001;7160.000;45.000;23.156;42.800
24-02-202310:15:59;60.000;99.000;39.000;4900.598;1912.000;168.543;45.000;19.792;4299.999;7157.000;45.100;23.261;42.800
24-02-202310:16:00;60.000;99.000;39.000;4900.598;1905.000;168.656;47.000;22.336;4299.998;7157.000;45.000;23.443;42.800
24-02-202310:16:01;60.000;99.000;39.000;4900.598;1905.000;168.757;48.000;19.010;4300.000;7157.000;44.900;23.486;42.800
24-02-202310:16:02;60.000;99.000;39.000;4900.598;1905.000;168.956;48.000;22.396;4300.000;7161.000;45.000;23.085;42.800
24-02-202310:16:03;60.000;99.000;40.000;4900.598;1912.000;166.972;52.000;21.094;4299.999;7226.000;44.900;24.789;42.800
24-02-202310:16:04;60.000;99.000;39.000;4900.598;1912.000;164.547;52.000;34.635;4299.998;7410.000;43.100;25.146;42.800
24-02-202310:16:05;60.000;99.000;39.000;4900.598;1912.000;163.704;52.000;36.198;4300.000;7579.000;43.100;25.116;42.800
24-02-202310:16:06;60.000;99.000;39.000;4900.598;1905.000;165.678;54.000;33.594;4300.000;7708.000;43.000;24.405;42.800
24-02-202310:16:07;60.000;99.000;39.000;4900.598;1912.000;164.854;48.000;32.249;4299.999;7815.000;42.800;24.711;42.800
24-02-202310:16:08;60.000;99.000;38.000;4900.598;1912.000;164.879;50.000;33.333;4299.998;7978.000;42.800;24.665;42.800
24-02-202310:16:09;60.000;99.000;36.000;4900.598;1920.000;163.776;51.000;36.177;4299.998;8009.000;40.000;109.154;42.800
24-02-202310:16:10;61.000;99.000;35.000;4900.598;1920.000;162.343;53.000;40.365;4300.000;7994.000;42.500;24.677;42.800
24-02-202310:16:11;60.000;99.000;36.000;4900.598;1912.000;163.228;51.000;33.308;4300.000;7976.000;42.500;24.598;42.800
24-02-202310:16:12;60.000;99.000;35.000;4900.598;1920.000;162.986;50.000;34.115;4299.999;8049.000;42.500;24.520;42.800
24-02-202310:16:13;61.000;99.000;36.000;4900.598;1912.000;161.485;53.000;39.323;4299.998;8030.000;42.600;24.623;42.800
24-02-202310:16:14;61.000;99.000;35.000;4900.598;1912.000;162.434;53.000;31.820;4300.000;8016.000;42.500;24.866;42.800
24-02-202310:16:15;61.000;99.000;35.000;4900.598;1912.000;160.717;50.000;32.779;4299.999;8033.000;42.800;24.807;42.800
24-02-202310:16:16;61.000;99.000;36.000;4900.598;1905.000;160.552;52.000;34.115;4299.999;8079.000;42.700;24.616;42.800
24-02-202310:16:17;61.000;99.000;36.000;4900.598;1912.000;163.900;51.000;32.031;4299.999;8060.000;42.600;24.581;42.800
24-02-202310:16:18;61.000;99.000;35.000;4900.598;1920.000;161.826;53.000;35.417;4299.998;8040.000;42.500;25.401;42.800
24-02-202310:16:19;61.000;99.000;35.000;4900.598;1920.000;164.547;51.000;37.240;4300.000;8116.000;42.500;25.022;42.800
24-02-202310:16:20;61.000;99.000;35.000;4900.598;1912.000;163.264;54.000;33.594;4300.000;8089.000;42.800;24.513;42.800
24-02-202310:16:21;61.000;99.000;35.000;4900.598;1920.000;162.550;50.000;36.946;4299.999;8066.000;42.700;24.858;42.800
24-02-202310:16:22;62.000;99.000;36.000;4900.598;1912.000;162.583;51.000;36.219;4299.999;8044.000;42.700;24.694;42.800
24-02-202310:16:23;62.000;99.000;36.000;4900.598;1912.000;163.613;49.000;34.896;4299.999;8118.000;42.900;24.748;42.800
24-02-202310:16:24;62.000;99.000;36.000;4900.598;1912.000;162.686;50.000;33.594;4300.000;8096.000;42.900;24.832;42.800
24-02-202310:16:25;62.000;99.000;36.000;4900.598;1912.000;163.620;54.000;37.715;4299.999;8071.000;42.700;24.642;42.800
24-02-202310:16:26;62.000;99.000;35.000;4900.598;1905.000;164.288;48.000;36.219;4299.999;8044.000;42.800;24.892;42.800
24-02-202310:16:27;62.000;99.000;35.000;4900.598;1920.000;162.830;52.000;31.771;4299.999;8123.000;42.700;24.848;42.800
24-02-202310:16:28;62.000;99.000;36.000;4900.598;1912.000;161.697;50.000;30.208;4300.000;8096.000;42.600;24.705;42.800
24-02-202310:16:29;62.000;99.000;35.000;4900.598;1920.000;161.791;51.000;40.022;4300.000;8085.000;42.500;24.408;42.800
24-02-202310:16:30;62.000;99.000;36.000;4900.598;1920.000;162.719;48.000;31.455;4299.999;8073.000;42.600;24.620;42.800
24-02-202310:16:31;62.000;99.000;36.000;4900.598;1912.000;162.235;49.000;39.583;4299.999;8132.000;42.700;24.500;42.800
24-02-202310:16:32;62.000;99.000;35.000;4900.598;1920.000;161.029;55.000;33.073;4299.999;8103.000;42.500;24.832;42.800
24-02-202310:16:33;62.000;99.000;36.000;4900.598;1912.000;163.152;48.000;31.820;4299.999;8077.000;42.600;24.641;42.800
24-02-202310:16:34;62.000;99.000;35.000;4900.598;1912.000;162.179;52.000;36.719;4299.999;8154.000;42.500;24.603;42.800
24-02-202310:16:35;62.000;99.000;36.000;4900.598;1912.000;164.194;47.000;29.338;4299.999;8136.000;42.500;24.646;42.800
24-02-202310:16:36;63.000;99.000;35.000;4900.598;1912.000;164.533;51.000;42.188;4299.999;8105.000;42.500;24.672;42.800
24-02-202310:16:37;63.000;99.000;37.000;4900.598;1890.000;167.967;51.000;34.635;4299.999;8112.000;42.400;24.851;42.800
24-02-202310:16:38;63.000;99.000;37.000;4900.598;1905.000;165.567;54.000;32.813;4299.999;8266.000;42.800;25.281;42.800
24-02-202310:16:39;63.000;99.000;37.000;4900.598;1897.000;167.326;50.000;34.896;4299.999;8312.000;43.100;24.470;42.800
24-02-202310:16:40;63.000;99.000;37.000;4900.598;1897.000;168.868;52.000;32.813;4299.999;8347.000;43.600;25.170;42.800
24-02-202310:16:41;63.000;99.000;37.000;4900.598;1897.000;168.094;54.000;34.383;4299.999;8370.000;43.700;24.052;42.800
24-02-202310:16:42;63.000;99.000;36.000;4900.598;1912.000;168.853;49.000;38.336;4299.543;8523.000;42.800;24.985;42.800
24-02-202310:16:43;63.000;99.000;37.000;4900.598;1890.000;168.875;54.000;34.383;4299.543;8541.000;42.100;25.765;42.800
24-02-202310:16:44;63.000;99.000;39.000;4900.598;1897.000;167.969;49.000;35.417;4300.244;8562.000;41.100;26.135;42.800
24-02-202310:16:45;63.000;99.000;39.000;4900.598;1890.000;168.448;52.000;42.571;4299.999;8635.000;39.800;26.310;42.800
24-02-202310:16:46;63.000;99.000;36.000;4900.598;1897.000;165.917;53.000;35.938;4299.999;8731.000;40.300;51.468;42.800
24-02-202310:16:47;63.000;99.000;36.000;4900.598;1920.000;162.333;51.000;35.665;4299.999;8729.000;40.300;26.710;42.800
24-02-202310:16:48;63.000;99.000;36.000;4900.598;1912.000;163.373;49.000;36.484;4299.999;8709.000;41.100;26.226;42.800
24-02-202310:16:49;63.000;99.000;36.000;4900.598;1897.000;164.166;50.000;41.146;4299.999;8864.000;41.300;25.458;42.800
24-02-202310:16:50;63.000;99.000;36.000;4900.598;1897.000;165.598;52.000;40.791;4299.999;8855.000;42.100;24.645;42.800
24-02-202310:16:51;63.000;99.000;38.000;4900.598;1905.000;166.889;51.000;37.807;4299.999;8834.000;42.700;24.390;42.800
24-02-202310:16:52;63.000;99.000;37.000;4900.598;1912.000;166.059;52.000;36.198;4299.999;8807.000;42.500;24.804;42.800
24-02-202310:16:53;64.000;99.000;35.000;4900.598;1912.000;165.420;50.000;34.896;4299.999;8965.000;41.600;25.253;42.800
24-02-202310:16:54;63.000;99.000;36.000;4900.598;1912.000;165.776;53.000;34.635;4299.999;8912.000;41.400;25.647;42.800
24-02-202310:16:55;63.000;99.000;37.000;4900.598;1912.000;163.569;52.000;40.022;4299.999;8878.000;42.300;25.097;42.800
24-02-202310:16:56;64.000;99.000;36.000;4900.598;1912.000;166.120;50.000;38.866;4300.000;8842.000;42.100;25.492;42.800
24-02-202310:16:57;63.000;99.000;37.000;4900.598;1882.000;166.184;52.000;35.677;4300.000;8969.000;41.500;25.801;42.800
24-02-202310:16:58;63.000;99.000;38.000;4900.598;1912.000;167.887;48.000;38.484;4299.999;8913.000;39.900;26.628;42.800
24-02-202310:16:59;63.000;99.000;38.000;4900.598;1912.000;165.071;50.000;39.660;4300.000;8865.000;38.800;27.241;42.800
24-02-202310:17:00;64.000;99.000;37.000;4900.598;1912.000;166.749;52.000;36.198;4299.999;8957.000;39.000;27.867;42.800
24-02-202310:17:01;63.000;99.000;37.000;4900.598;1890.000;168.204;50.000;39.510;4299.999;8993.000;39.500;27.091;42.800
24-02-202310:17:02;63.000;99.000;36.000;4900.598;1912.000;166.290;51.000;38.281;4299.999;8906.000;39.400;26.748;42.800
24-02-202310:17:03;63.000;99.000;37.000;4900.598;1905.000;166.067;54.000;37.278;4299.999;8917.000;39.300;26.844;42.800
24-02-202310:17:04;63.000;99.000;36.000;4900.598;1912.000;165.324;56.000;37.240;4299.999;8975.000;40.500;26.207;42.800
24-02-202310:17:05;63.000;99.000;36.000;4893.152;1905.000;166.322;52.000;46.943;4299.999;8922.000;40.400;26.571;42.800
24-02-202310:17:06;63.000;99.000;36.000;4893.152;1905.000;168.082;54.000;41.247;4299.998;8829.000;41.300;25.594;42.800
24-02-202310:17:07;63.000;99.000;36.000;4893.152;1912.000;165.898;51.000;42.188;4300.001;8879.000;41.300;25.473;42.800
24-02-202310:17:08;63.000;99.000;36.000;4893.152;1905.000;165.081;53.000;38.542;4299.999;8934.000;41.400;25.436;42.800
24-02-202310:17:09;63.000;99.000;36.000;4893.152;1920.000;164.234;55.000;43.098;4300.000;8766.000;41.600;25.434;42.800
24-02-202310:17:10;63.000;99.000;36.000;4893.152;1912.000;163.072;52.000;42.708;4299.999;8753.000;41.400;25.394;42.800
24-02-202310:17:11;63.000;99.000;37.000;4893.152;1905.000;164.779;52.000;35.954;4299.999;8840.000;42.100;24.703;42.800
24-02-202310:17:12;63.000;99.000;36.000;4893.152;1920.000;163.916;55.000;41.406;4299.999;8909.000;42.300;24.729;42.800
24-02-202310:17:13;63.000;99.000;37.000;4893.152;1905.000;164.260;52.000;41.304;4299.999;8803.000;42.300;25.078;42.800
24-02-202310:17:14;63.000;99.000;37.000;4893.152;1897.000;167.760;53.000;38.336;4300.000;8801.000;41.900;25.257;42.800
24-02-202310:17:15;64.000;99.000;35.000;4893.152;1912.000;164.088;51.000;38.997;4300.000;8927.000;41.500;25.391;42.800
24-02-202310:17:16;63.000;99.000;36.000;4893.152;1912.000;162.982;48.000;40.983;4299.999;8845.000;41.600;25.679;42.800
24-02-202310:17:17;63.000;99.000;36.000;4893.152;1912.000;164.937;52.000;36.719;4299.999;8723.000;42.000;25.177;42.800
24-02-202310:17:18;63.000;99.000;35.000;4893.152;1912.000;164.672;49.000;40.365;4300.000;8733.000;41.700;25.335;42.800
24-02-202310:17:19;63.000;99.000;34.000;4893.152;1905.000;163.546;54.000;39.583;4300.000;8888.000;41.500;25.443;42.800
24-02-202310:17:20;63.000;99.000;36.000;4893.152;1912.000;165.991;55.000;41.667;4299.999;8895.000;41.400;25.499;42.800
24-02-202310:17:21;63.000;99.000;36.000;4893.152;1920.000;163.542;54.000;41.560;4299.999;8784.000;41.800;25.726;42.800
24-02-202310:17:22;63.000;99.000;36.000;4893.152;1920.000;162.621;51.000;39.395;4300.000;8836.000;40.900;26.312;42.800
24-02-202310:17:23;63.000;99.000;36.000;4893.152;1897.000;163.156;52.000;41.146;4300.000;8872.000;40.300;26.286;42.800
24-02-202310:17:24;63.000;99.000;36.000;4893.152;1905.000;165.250;51.000;40.625;4299.999;8783.000;40.300;26.866;42.800
24-02-202310:17:25;63.000;99.000;36.000;4893.152;1912.000;164.364;51.000;41.406;4300.000;8791.000;40.400;26.370;42.800
24-02-202310:17:26;63.000;99.000;35.000;4893.152;1890.000;165.808;53.000;39.844;4300.000;8856.000;40.700;26.228;42.800
24-02-202310:17:27;63.000;99.000;35.000;4893.152;1905.000;164.538;52.000;40.365;4299.999;8859.000;40.800;26.570;42.800
24-02-202310:17:28;64.000;99.000;35.000;4893.152;1905.000;165.205;50.000;41.047;4299.997;8792.000;41.200;25.809;42.800
24-02-202310:17:29;63.000;99.000;35.000;4893.152;1897.000;164.636;52.000;41.247;4299.997;8791.000;40.900;25.880;42.800
24-02-202310:17:30;63.000;99.000;37.000;4893.152;1905.000;163.552;54.000;45.052;4300.001;8911.000;41.800;26.265;42.800
24-02-202310:17:31;63.000;99.000;36.000;4893.152;1920.000;165.249;51.000;35.677;4299.998;8861.000;42.300;24.727;42.800
24-02-202310:17:32;63.000;99.000;36.000;4893.152;1920.000;166.645;54.000;39.063;4300.000;8718.000;41.000;26.175;42.800
24-02-202310:17:33;63.000;99.000;36.000;4893.152;1897.000;166.380;51.000;40.104;4300.000;8736.000;40.300;26.588;42.800
24-02-202310:17:34;63.000;99.000;36.000;4893.152;1897.000;163.468;50.000;44.531;4299.999;8891.000;39.000;27.176;42.800
24-02-202310:17:35;63.000;99.000;37.000;4893.152;1912.000;166.705;50.000;40.885;4299.999;8904.000;37.800;27.786;42.800
24-02-202310:17:36;64.000;99.000;37.000;4893.152;1905.000;166.681;52.000;42.969;4300.000;8799.000;37.000;28.530;42.800
24-02-202310:17:37;63.000;99.000;37.000;4893.152;1905.000;165.234;53.000;41.047;4299.998;8788.000;36.800;29.395;42.800
24-02-202310:17:38;63.000;99.000;36.000;4893.152;1912.000;162.597;49.000;47.599;4300.001;8846.000;37.900;28.603;42.800
24-02-202310:17:39;63.000;99.000;35.000;4893.152;1905.000;162.920;52.000;44.010;4300.001;8801.000;38.600;27.455;42.800
24-02-202310:17:40;64.000;99.000;36.000;4893.152;1897.000;165.756;53.000;44.531;4299.999;8810.000;38.800;27.243;42.800
24-02-202310:17:41;63.000;99.000;35.000;4893.152;1897.000;165.037;51.000;39.063;4300.000;8896.000;39.100;26.830;42.800
24-02-202310:17:42;63.000;99.000;36.000;4893.152;1920.000;163.794;54.000;40.365;4300.000;8867.000;39.400;26.925;42.800
24-02-202310:17:43;63.000;99.000;35.000;4893.152;1912.000;162.919;53.000;40.535;4299.999;8737.000;40.100;26.659;42.800
24-02-202310:17:44;63.000;99.000;35.000;4893.152;1905.000;163.016;51.000;41.777;4299.999;8743.000;40.200;26.703;42.800
24-02-202310:17:45;63.000;99.000;36.000;4893.152;1905.000;164.094;53.000;45.833;4299.999;8860.000;41.000;26.309;42.800
24-02-202310:17:46;63.000;99.000;36.000;4893.152;1890.000;164.215;55.000;43.611;4299.999;8906.000;40.800;54.708;42.800
24-02-202310:17:47;63.000;99.000;36.000;4893.152;1920.000;161.582;48.000;39.130;4300.000;8786.000;40.700;26.100;42.800
24-02-202310:17:48;63.000;99.000;35.000;4893.152;1905.000;164.755;53.000;39.844;4300.000;8778.000;40.400;26.227;42.800
24-02-202310:17:49;63.000;99.000;35.000;4893.152;1912.000;162.623;53.000;42.842;4299.997;8824.000;40.500;25.990;42.800
24-02-202310:17:50;63.000;99.000;35.000;4893.152;1912.000;164.882;51.000;40.718;4300.005;8823.000;40.800;25.723;42.800
24-02-202310:17:51;63.000;99.000;35.000;4893.152;1905.000;163.856;52.000;43.229;4300.005;8825.000;40.600;25.955;42.800
24-02-202310:17:52;63.000;99.000;35.000;4893.152;1912.000;164.498;52.000;43.750;4299.999;8867.000;40.100;26.559;42.800
24-02-202310:17:53;63.000;99.000;35.000;4893.152;1905.000;163.838;51.000;37.459;4299.998;8886.000;39.800;26.121;42.800
24-02-202310:17:54;64.000;99.000;35.000;4893.152;1912.000;163.700;51.000;42.041;4300.000;8739.000;39.800;26.409;42.800
24-02-202310:17:55;63.000;99.000;35.000;4893.152;1920.000;162.889;54.000;40.625;4300.000;8747.000;39.900;26.644;42.800
24-02-202310:17:56;64.000;99.000;35.000;4893.152;1912.000;164.668;50.000;45.313;4299.999;8819.000;40.500;26.055;42.800
24-02-202310:17:57;63.000;99.000;35.000;4893.152;1912.000;165.293;52.000;39.323;4299.999;8904.000;40.900;26.230;42.800
24-02-202310:17:58;63.000;99.000;37.000;4893.152;1912.000;163.898;49.000;46.430;4299.999;8777.000;41.900;25.491;42.800
24-02-202310:17:59;63.000;99.000;36.000;4893.152;1920.000;165.022;50.000;42.041;4299.999;8775.000;42.600;24.899;42.800
24-02-202310:18:00;63.000;99.000;36.000;4893.152;1905.000;165.303;54.000;38.484;4299.998;8887.000;42.500;24.842;42.800
24-02-202310:18:01;63.000;99.000;36.000;4893.152;1912.000;164.607;51.000;41.406;4299.998;8886.000;42.100;25.199;42.800
24-02-202310:18:02;63.000;99.000;35.000;4893.152;1920.000;165.531;53.000;41.512;4300.000;8740.000;42.200;24.897;42.800
24-02-202310:18:03;63.000;99.000;36.000;4893.152;1905.000;163.333;52.000;36.434;4300.000;8748.000;42.700;25.224;42.800
24-02-202310:18:04;64.000;99.000;36.000;4893.152;1912.000;167.257;54.000;46.094;4299.999;8888.000;43.300;24.584;42.800
24-02-202310:18:05;63.000;99.000;37.000;4893.152;1905.000;166.107;52.000;39.130;4299.999;8847.000;43.500;24.877;42.800
24-02-202310:18:06;63.000;99.000;37.000;4893.152;1897.000;165.632;52.000;44.636;4299.999;8843.000;44.000;24.583;42.800
24-02-202310:18:07;64.000;99.000;37.000;4893.152;1905.000;166.278;56.000;39.583;4299.999;8880.000;44.000;24.252;42.800
24-02-202310:18:08;63.000;99.000;37.000;4893.152;1912.000;169.540;51.000;43.365;4299.999;8853.000;43.300;24.669;42.800
24-02-202310:18:09;63.000;99.000;37.000;4893.152;1897.000;164.887;55.000;41.560;4299.999;8759.000;42.200;25.141;42.800
24-02-202310:18:10;63.000;99.000;37.000;4893.152;1912.000;164.303;52.000;43.100;4300.000;8769.000;41.700;25.704;42.800
24-02-202310:18:11;63.000;99.000;36.000;4893.152;1920.000;166.671;52.000;41.406;4300.000;8841.000;40.800;25.499;42.800
24-02-202310:18:12;63.000;99.000;35.000;4893.152;1920.000;163.038;56.000;43.867;4299.999;8926.000;40.200;26.170;42.800
24-02-202310:18:13;63.000;99.000;35.000;4893.152;1920.000;166.056;52.000;39.924;4299.999;8735.000;39.900;26.428;42.800
24-02-202310:18:14;63.000;99.000;35.000;4893.152;1905.000;165.335;52.000;37.240;4299.999;8749.000;39.600;26.711;42.800
24-02-202310:18:15;63.000;99.000;35.000;4893.152;1912.000;166.175;52.000;36.458;4299.999;8861.000;39.800;26.329;42.800
24-02-202310:18:16;63.000;99.000;34.000;4893.152;1912.000;163.747;53.000;44.380;4299.999;8858.000;39.700;26.906;42.800
24-02-202310:18:17;64.000;99.000;34.000;4893.152;1905.000;165.749;54.000;40.365;4299.999;8862.000;39.100;27.046;42.800
24-02-202310:18:18;64.000;99.000;35.000;4893.152;1890.000;163.877;52.000;37.807;4299.999;8876.000;38.200;27.284;42.800
24-02-202310:18:19;63.000;99.000;35.000;4893.152;1897.000;167.242;55.000;41.927;4299.999;8869.000;37.700;28.163;42.700
24-02-202310:18:20;63.000;99.000;35.000;4893.152;1890.000;164.937;56.000;40.885;4299.999;8756.000;37.300;28.158;42.700
24-02-202310:18:21;63.000;99.000;35.000;4893.152;1897.000;163.344;56.000;38.997;4300.000;8757.000;36.700;28.981;42.700
24-02-202310:18:22;63.000;99.000;34.000;4893.590;1897.000;165.588;50.000;37.278;4300.000;8922.000;36.600;29.046;42.700
24-02-202310:18:23;63.000;99.000;34.000;4893.590;1897.000;163.663;55.000;35.156;4299.999;8897.000;36.900;28.690;42.700
24-02-202310:18:24;63.000;99.000;35.000;4893.590;1920.000;162.584;53.000;38.281;4299.999;8867.000;36.600;28.863;42.700
24-02-202310:18:25;63.000;99.000;35.000;4893.590;1897.000;167.121;52.000;35.417;4299.999;8817.000;36.500;28.645;42.700
24-02-202310:18:26;63.000;99.000;35.000;4893.590;1912.000;165.517;53.000;38.997;4299.999;8878.000;36.700;28.784;42.700
24-02-202310:18:27;64.000;99.000;36.000;4893.590;1897.000;166.206;53.000;31.985;4299.999;8922.000;36.400;28.840;42.700
24-02-202310:18:28;63.000;99.000;34.000;4893.590;1897.000;163.742;52.000;40.104;4299.999;8850.000;36.900;28.815;42.700
24-02-202310:18:29;63.000;99.000;34.000;4893.590;1897.000;163.498;52.000;36.719;4299.999;8789.000;37.100;28.034;42.700
24-02-202310:18:30;64.000;99.000;34.000;4893.590;1897.000;165.935;52.000;37.760;4299.999;8900.000;37.100;28.096;42.700
24-02-202310:18:31;63.000;99.000;35.000;4893.590;1890.000;165.265;52.000;38.281;4299.999;8882.000;39.200;27.176;42.700
24-02-202310:18:32;63.000;99.000;36.000;4893.590;1905.000;165.267;52.000;39.510;4299.999;8810.000;41.400;26.079;42.700
24-02-202310:18:33;63.000;99.000;35.000;4893.590;1897.000;164.012;50.000;32.552;4299.999;8755.000;41.400;25.099;42.700
24-02-202310:18:34;63.000;99.000;36.000;4893.590;1897.000;164.481;52.000;37.013;4299.999;8881.000;41.000;25.493;42.700
24-02-202310:18:35;63.000;99.000;35.000;4893.590;1905.000;166.144;52.000;34.127;4299.999;8840.000;40.400;25.890;42.700
24-02-202310:18:36;63.000;99.000;35.000;4893.590;1905.000;166.336;50.000;36.458;4299.999;8789.000;40.100;26.214;42.700
24-02-202310:18:37;63.000;99.000;35.000;4893.590;1890.000;164.825;51.000;34.631;4299.999;8789.000;40.200;25.999;42.700
24-02-202310:18:38;63.000;99.000;35.000;4893.590;1890.000;166.378;51.000;34.115;4299.999;8886.000;40.700;25.912;42.700
24-02-202310:18:39;63.000;99.000;35.000;4893.590;1890.000;162.828;51.000;33.594;4299.999;8830.000;40.400;26.118;42.700
24-02-202310:18:40;63.000;99.000;35.000;4893.590;1912.000;165.946;50.000;37.240;4299.999;8774.000;39.500;26.497;42.700
24-02-202310:18:41;64.000;99.000;35.000;4893.590;1912.000;163.445;51.000;30.026;4299.999;8813.000;38.500;27.389;42.700
24-02-202310:18:42;63.000;99.000;34.000;4893.590;1912.000;164.046;55.000;38.281;4299.999;8864.000;38.500;27.104;42.700
24-02-202310:18:43;63.000;99.000;34.000;4893.590;1920.000;164.750;53.000;36.719;4299.999;8814.000;38.500;27.317;42.700
24-02-202310:18:44;63.000;99.000;34.000;4893.590;1905.000;163.916;48.000;33.073;4299.999;8779.000;38.400;27.619;42.700
24-02-202310:18:45;63.000;99.000;35.000;4893.590;1912.000;158.621;50.000;33.837;4299.999;8850.000;38.100;27.679;42.700
24-02-202310:18:46;63.000;99.000;35.000;4893.590;1897.000;161.702;54.000;34.375;4299.999;8857.000;37.900;53.258;42.700
24-02-202310:18:47;63.000;99.000;35.000;4893.590;1890.000;167.134;51.000;33.102;4299.999;8814.000;38.700;27.994;42.700
24-02-202310:18:48;63.000;99.000;35.000;4893.590;1897.000;166.072;53.000;36.748;4299.999;8782.000;40.000;26.459;42.700
24-02-202310:18:49;63.000;99.000;36.000;4893.590;1912.000;165.252;52.000;36.458;4299.999;8896.000;39.800;26.972;42.700
24-02-202310:18:50;63.000;99.000;36.000;4893.590;1905.000;166.587;53.000;35.152;4299.999;8848.000;40.700;26.057;42.700
24-02-202310:18:51;63.000;99.000;36.000;4893.590;1905.000;166.180;52.000;51.302;4299.999;8663.000;41.300;25.687;42.700
24-02-202310:18:52;63.000;99.000;38.000;4893.590;1890.000;164.968;51.000;51.823;4299.999;8503.000;42.600;25.018;42.700
24-02-202310:18:53;63.000;99.000;38.000;4893.590;1912.000;166.349;53.000;35.160;4299.999;8642.000;42.200;24.750;42.700
24-02-202310:18:54;63.000;99.000;37.000;4893.590;1897.000;162.587;52.000;40.625;4299.999;8589.000;40.700;25.452;42.700
24-02-202310:18:55;64.000;99.000;35.000;4893.590;1905.000;166.547;48.000;39.766;4299.999;8532.000;39.500;26.435;42.700
24-02-202310:18:56;63.000;99.000;35.000;4893.590;1912.000;164.576;54.000;38.601;4299.999;8479.000;39.000;26.781;42.700
24-02-202310:18:57;63.000;99.000;37.000;4893.590;1897.000;166.776;50.000;35.938;4299.999;8613.000;43.000;26.745;42.700
24-02-202310:18:58;63.000;99.000;38.000;4893.590;1912.000;166.062;54.000;41.927;4299.999;8554.000;41.200;25.621;42.700
24-02-202310:18:59;63.000;99.000;39.000;4893.590;1897.000;164.170;54.000;39.510;4299.999;8492.000;42.900;24.993;42.700
24-02-202310:19:00;63.000;99.000;39.000;4893.590;1905.000;171.219;52.000;41.777;4299.999;8492.000;43.200;24.882;42.700
24-02-202310:19:01;63.000;99.000;38.000;4893.590;1890.000;166.299;56.000;39.844;4299.999;8575.000;41.600;25.706;42.700
24-02-202310:19:02;63.000;99.000;40.000;4893.590;1897.000;165.875;54.000;41.927;4299.999;8543.000;39.700;26.728;42.700
24-02-202310:19:03;64.000;99.000;39.000;4893.590;1912.000;167.324;56.000;39.063;4299.999;8508.000;38.600;27.419;42.700
24-02-202310:19:04;63.000;99.000;38.000;4893.590;1905.000;167.783;54.000;40.535;4299.998;8653.000;37.900;27.806;42.700
24-02-202310:19:05;64.000;99.000;38.000;4893.590;1890.000;165.090;50.000;37.807;4299.999;8637.000;37.700;28.394;42.700
24-02-202310:19:06;64.000;99.000;37.000;4893.590;1897.000;166.132;52.000;37.760;4299.999;8606.000;37.100;28.284;42.700
24-02-202310:19:07;63.000;99.000;37.000;4893.590;1890.000;168.004;48.000;36.198;4299.999;8494.000;37.900;27.678;42.700
24-02-202310:19:08;63.000;99.000;37.000;4893.590;1897.000;169.959;53.000;36.458;4300.000;8659.000;36.400;28.921;42.700
24-02-202310:19:09;63.000;99.000;37.000;4893.590;1897.000;168.795;53.000;36.690;4300.000;8619.000;35.600;29.285;42.700
24-02-202310:19:10;64.000;99.000;37.000;4893.590;1875.000;168.993;54.000;39.844;4299.999;8580.000;35.200;29.632;42.700
24-02-202310:19:11;63.000;99.000;36.000;4893.590;1905.000;166.511;54.000;38.601;4299.999;8493.000;36.800;29.168;42.700
24-02-202310:19:12;64.000;99.000;38.000;4893.590;1897.000;167.533;55.000;40.535;4299.999;8661.000;34.800;30.191;42.700
24-02-202310:19:13;63.000;99.000;38.000;4893.590;1890.000;165.823;54.000;36.484;4299.999;8631.000;34.600;30.568;42.700
24-02-202310:19:14;64.000;99.000;38.000;4893.590;1867.000;168.540;50.000;36.198;4299.999;8535.000;35.200;30.025;42.700
24-02-202310:19:15;63.000;99.000;39.000;4893.590;1882.000;168.428;54.000;36.458;4299.999;8629.000;35.600;29.625;42.700
24-02-202310:19:16;64.000;99.000;38.000;4893.590;1882.000;167.847;57.000;42.073;4299.999;8672.000;34.400;30.240;42.700
24-02-202310:19:17;63.000;99.000;37.000;4893.590;1890.000;171.142;54.000;40.885;4299.999;8640.000;34.100;30.771;42.700
24-02-202310:19:18;63.000;99.000;36.000;4893.590;1897.000;167.798;54.000;39.660;4299.999;8608.000;34.200;30.298;42.700
24-02-202310:19:19;63.000;99.000;35.000;4893.590;1890.000;166.960;54.000;32.552;4299.999;8624.000;34.300;30.895;42.700
24-02-202310:19:20;63.000;99.000;35.000;4893.590;1890.000;169.473;53.000;39.583;4299.999;8612.000;34.100;30.336;42.700
24-02-202310:19:21;63.000;99.000;36.000;4893.590;1882.000;165.243;53.000;35.921;4299.999;8562.000;35.900;29.969;42.700
24-02-202310:19:22;64.000;99.000;35.000;4893.590;1897.000;167.003;53.000;39.395;4299.998;8542.000;37.300;28.820;42.700
24-02-202310:19:23;63.000;99.000;35.000;4893.590;1912.000;163.773;52.000;36.979;4300.000;8657.000;35.300;29.605;42.700
24-02-202310:19:24;63.000;99.000;35.000;4893.590;1890.000;164.495;54.000;38.228;4300.000;8612.000;35.700;30.268;42.700
24-02-202310:19:25;64.000;99.000;38.000;4893.590;1890.000;166.519;55.000;37.807;4299.999;8548.000;39.500;27.422;42.700
24-02-202310:19:26;63.000;99.000;37.000;4893.590;1890.000;167.258;56.000;39.844;4299.999;8628.000;38.900;27.376;42.700
24-02-202310:19:27;64.000;99.000;35.000;4893.590;1905.000;168.205;54.000;39.510;4299.999;8676.000;37.800;27.994;42.700
24-02-202310:19:28;64.000;99.000;34.000;4893.590;1897.000;167.782;52.000;38.336;4300.001;8629.000;36.700;28.746;42.700
24-02-202310:19:29;64.000;99.000;35.000;4893.590;1875.000;168.716;56.000;39.063;4300.001;8588.000;36.800;28.515;42.700
24-02-202310:19:30;63.000;99.000;35.000;4893.590;1897.000;168.897;53.000;40.791;4299.999;8671.000;36.300;29.437;42.700
24-02-202310:19:31;63.000;99.000;36.000;4893.590;1890.000;165.131;52.000;38.336;4299.999;8677.000;37.200;28.121;42.700
24-02-202310:19:32;64.000;99.000;37.000;4893.590;1905.000;166.661;53.000;43.867;4299.999;8620.000;37.700;28.207;42.700
24-02-202310:19:33;64.000;99.000;36.000;4893.590;1882.000;168.705;53.000;35.677;4299.997;8538.000;36.300;28.905;42.700
24-02-202310:19:34;63.000;99.000;35.000;4893.590;1897.000;166.403;56.000;38.601;4299.997;8672.000;35.100;29.755;42.700
24-02-202310:19:35;63.000;99.000;34.000;4893.590;1897.000;167.267;54.000;38.021;4300.000;8646.000;34.700;30.389;42.700
24-02-202310:19:36;63.000;99.000;33.000;4893.590;1890.000;166.822;53.000;43.611;4300.000;8595.000;34.600;30.001;42.700
24-02-202310:19:37;64.000;99.000;35.000;4893.590;1905.000;166.182;58.000;42.041;4299.999;8591.000;36.700;29.641;42.700
24-02-202310:19:38;63.000;95.000;33.000;4893.590;1912.000;160.101;54.000;45.833;4299.999;8674.000;34.300;31.577;42.600
24-02-202310:19:39;64.000;93.000;32.000;4893.590;1890.000;164.109;56.000;42.842;4299.999;8632.000;32.300;33.577;42.600
24-02-202310:19:40;63.000;99.000;33.000;4893.590;1890.000;167.632;56.000;44.159;4299.999;8584.000;37.200;29.527;42.600
24-02-202310:19:41;63.000;99.000;32.000;4893.590;1905.000;166.120;55.000;36.719;4299.999;8622.000;35.100;29.744;42.600
24-02-202310:19:42;63.000;99.000;32.000;4893.590;1912.000;164.537;55.000;33.102;4299.999;8677.000;34.900;29.919;42.600
24-02-202310:19:43;63.000;99.000;33.000;4893.590;1897.000;165.528;50.000;35.954;4299.999;8625.000;34.900;30.030;42.600
24-02-202310:19:44;63.000;99.000;38.000;4893.590;1890.000;165.537;53.000;41.406;4299.999;8567.000;38.900;27.269;42.600
24-02-202310:19:45;63.000;99.000;35.000;4893.590;1905.000;169.027;50.000;39.844;4299.999;8639.000;39.500;27.761;42.600
24-02-202310:19:46;63.000;100.000;35.000;4893.590;1890.000;165.152;55.000;40.365;4299.999;8654.000;37.200;62.585;42.600
24-02-202310:19:47;63.000;100.000;34.000;4893.590;1882.000;168.168;53.000;36.434;4299.999;8602.000;36.400;29.048;42.600
24-02-202310:19:48;63.000;100.000;34.000;4893.590;1890.000;168.430;52.000;36.748;4299.999;8552.000;35.900;28.616;42.600
24-02-202310:19:49;63.000;99.000;34.000;4893.590;1905.000;165.367;53.000;36.434;4299.999;8672.000;35.200;29.580;42.600
24-02-202310:19:50;63.000;99.000;33.000;4893.590;1897.000;167.253;54.000;37.278;4299.999;8640.000;34.600;30.166;42.600
24-02-202310:19:51;63.000;99.000;34.000;4893.590;1890.000;166.332;53.000;36.198;4299.999;8582.000;34.800;30.075;42.600
24-02-202310:19:52;63.000;99.000;34.000;4893.590;1882.000;167.963;51.000;37.203;4299.998;8528.000;35.100;29.788;42.600
24-02-202310:19:53;63.000;99.000;35.000;4893.590;1890.000;166.320;51.000;37.542;4300.000;8677.000;34.800;29.682;42.600
24-02-202310:19:54;63.000;99.000;35.000;4893.590;1875.000;167.376;53.000;38.281;4300.000;8626.000;35.300;29.675;42.600
24-02-202310:19:55;63.000;99.000;34.000;4893.590;1912.000;164.281;52.000;33.073;4300.000;8575.000;35.300;29.443;42.600
24-02-202310:19:56;63.000;99.000;34.000;4893.590;1897.000;162.320;50.000;37.972;4299.999;8528.000;36.200;28.863;42.600
24-02-202310:19:57;63.000;99.000;34.000;4893.590;1897.000;164.379;52.000;35.690;4299.998;8673.000;37.400;28.298;42.600
24-02-202310:19:58;63.000;99.000;37.000;4893.590;1905.000;165.449;54.000;41.047;4299.998;8596.000;40.900;26.643;42.600
24-02-202310:19:59;63.000;99.000;36.000;4893.590;1905.000;167.787;50.000;41.406;4299.999;8532.000;39.600;27.175;42.600
24-02-202310:20:00;63.000;99.000;37.000;4893.590;1912.000;167.585;53.000;40.189;4299.999;8509.000;39.500;27.160;42.600
24-02-202310:20:01;63.000;99.000;36.000;4893.590;1905.000;168.435;52.000;42.969;4299.998;8606.000;38.800;28.227;42.600
24-02-202310:20:02;63.000;99.000;36.000;4893.590;1905.000;164.661;54.000;40.278;4300.002;8562.000;36.200;29.057;42.600
24-02-202310:20:03;63.000;99.000;36.000;4893.590;1890.000;165.583;49.000;40.454;4299.998;8518.000;35.600;29.426;42.600
24-02-202310:20:04;63.000;99.000;35.000;4893.590;1890.000;166.960;55.000;39.583;4299.999;8658.000;35.000;30.446;42.600
24-02-202310:20:05;63.000;99.000;35.000;4893.590;1912.000;165.075;54.000;38.741;4300.000;8677.000;35.100;30.283;42.600
24-02-202310:20:06;63.000;99.000;35.000;4893.590;1890.000;163.419;54.000;39.395;4300.000;8634.000;35.300;29.503;42.600
24-02-202310:20:07;63.000;99.000;36.000;4893.590;1912.000;166.973;56.000;36.434;4299.999;8614.000;35.600;29.535;42.600
24-02-202310:20:08;63.000;99.000;36.000;4893.590;1875.000;167.202;56.000;37.500;4299.999;8743.000;36.100;28.887;42.600
24-02-202310:20:09;63.000;99.000;35.000;4893.590;1912.000;166.490;56.000;37.278;4299.999;8689.000;36.000;28.846;42.600
24-02-202310:20:10;63.000;99.000;35.000;4893.590;1897.000;167.065;54.000;45.661;4299.999;8638.000;35.300;29.842;42.600
24-02-202310:20:11;63.000;99.000;35.000;4893.590;1912.000;166.154;52.000;43.229;4299.999;8666.000;34.100;30.657;42.600
24-02-202310:20:12;62.000;99.000;34.000;4893.590;1920.000;167.845;53.000;45.747;4299.999;8746.000;32.100;33.286;42.600
24-02-202310:20:13;63.000;91.000;34.000;4893.590;1912.000;167.281;53.000;46.174;4299.999;8639.000;34.600;33.330;42.600
24-02-202310:20:14;63.000;100.000;37.000;4893.590;1912.000;164.632;53.000;44.792;4299.999;8576.000;38.100;29.251;42.600
24-02-202310:20:15;63.000;99.000;36.000;4893.590;1912.000;164.513;52.000;39.130;4299.999;8526.000;34.600;30.173;42.600
24-02-202310:20:16;63.000;99.000;36.000;4893.590;1905.000;168.539;56.000;41.560;4299.999;8681.000;34.300;30.087;42.600
24-02-202310:20:17;64.000;99.000;35.000;4893.590;1905.000;165.409;53.000;36.198;4299.999;8624.000;34.100;30.100;42.600
24-02-202310:20:18;63.000;99.000;35.000;4893.590;1905.000;165.858;50.000;37.542;4300.000;8577.000;33.900;30.775;42.600
24-02-202310:20:19;64.000;99.000;34.000;4893.590;1905.000;166.178;54.000;36.979;4300.000;8657.000;33.600;30.982;42.600
24-02-202310:20:20;63.000;99.000;34.000;4893.590;1905.000;165.647;57.000;39.323;4299.999;8670.000;33.900;30.925;42.600
24-02-202310:20:21;63.000;99.000;37.000;4893.590;1882.000;167.734;52.000;36.946;4299.999;8590.000;36.900;29.100;42.600
24-02-202310:20:22;63.000;99.000;37.000;4893.590;1890.000;169.780;57.000;39.063;4299.999;8512.000;37.700;28.657;42.600
24-02-202310:20:23;63.000;99.000;37.000;4893.590;1875.000;164.124;53.000;34.375;4299.998;8675.000;34.100;30.940;42.600
24-02-202310:20:24;64.000;99.000;36.000;4893.590;1890.000;165.555;56.000;39.660;4299.998;8631.000;34.800;30.480;42.600
24-02-202310:20:25;63.000;99.000;37.000;4893.590;1912.000;165.162;53.000;36.979;4300.000;8587.000;35.400;29.836;42.600
24-02-202310:20:26;63.000;99.000;37.000;4893.590;1905.000;168.009;54.000;34.115;4299.999;8608.000;35.200;31.479;42.600
24-02-202310:20:27;63.000;99.000;35.000;4893.590;1890.000;164.132;51.000;36.690;4299.999;8682.000;32.400;31.885;42.600
24-02-202310:20:28;63.000;99.000;35.000;4893.590;1912.000;166.642;54.000;34.896;4299.999;8640.000;33.000;31.510;42.600
24-02-202310:20:29;63.000;99.000;34.000;4893.590;1897.000;166.236;53.000;33.854;4300.000;8568.000;33.500;31.220;42.600
24-02-202310:20:30;63.000;99.000;37.000;4893.590;1897.000;164.503;54.000;35.417;4299.999;8618.000;36.700;28.949;42.600
24-02-202310:20:31;63.000;99.000;36.000;4893.590;1905.000;163.666;57.000;33.358;4299.999;8643.000;34.900;30.726;42.600
24-02-202310:20:32;64.000;99.000;35.000;4893.590;1897.000;169.285;53.000;33.043;4299.999;8585.000;34.300;31.629;42.500
24-02-202310:20:33;63.000;99.000;33.000;4893.590;1912.000;164.543;53.000;36.719;4299.999;8539.000;31.500;33.013;42.500
24-02-202310:20:34;63.000;99.000;34.000;4893.590;1912.000;163.349;54.000;33.102;4300.000;8660.000;31.400;32.487;42.500
24-02-202310:20:35;63.000;99.000;35.000;4893.590;1905.000;165.092;51.000;24.479;4300.000;8647.000;31.700;32.697;42.500
24-02-202310:20:36;63.000;99.000;35.000;4893.590;1882.000;164.697;53.000;30.469;4299.999;8609.000;31.800;32.492;42.500
