02,Datetime,GPUtemperature,GPUusage,FBusage,Memoryusage,Coreclock,Memoryclock,Power,CPUtemperature,CPUusage,CPUclock,RAMusage,Framerate,Frametime,FramerateMin,FramerateAvg,FramerateMax,Framerate1%Low,Fanspeed2,Fantachometer2
80,24-02-202314:30:22,60.000,98.000,29.000,4721.664,1920.000,7500.999,158.344,46.000,63.021,4299.998,10748.000,46.600,27.056,0.800,71.000,1552.700,0.800,0.000,0.000
80,24-02-202314:30:23,60.000,98.000,28.000,4721.664,1920.000,7500.999,157.587,46.000,56.771,4299.998,10870.000,40.700,34.490,0.800,70.700,1552.700,0.800,0.000,0.000
80,24-02-202314:30:24,61.000,98.000,30.000,4721.664,1920.000,7500.999,159.904,49.000,69.010,4299.998,10989.000,45.300,25.824,0.800,70.600,1552.700,0.800,0.000,0.000
80,24-02-202314:30:25,61.000,98.000,31.000,4721.664,1920.000,7500.999,160.101,52.000,57.292,4299.998,11091.000,46.300,23.949,0.800,70.400,1552.700,0.800,0.000,0.000
80,24-02-202314:30:26,62.000,98.000,31.000,4721.664,1920.000,7500.999,158.896,53.000,54.167,4299.997,11254.000,45.900,23.576,0.800,70.200,1552.700,0.800,0.000,0.000
80,24-02-202314:30:27,62.000,98.000,31.000,4721.664,1920.000,7500.999,158.959,45.000,59.549,4299.997,11361.000,45.900,24.171,0.800,70.100,1552.700,0.800,0.000,0.000
80,24-02-202314:30:28,62.000,98.000,31.000,4721.664,1920.000,7500.999,160.529,53.000,53.561,4299.997,11417.000,45.900,25.119,0.800,69.900,1552.700,0.800,0.000,0.000
80,24-02-202314:30:29,63.000,98.000,32.000,4721.664,1920.000,7500.999,165.386,46.000,57.552,4299.999,11455.000,46.100,23.410,0.800,69.800,1552.700,0.800,0.000,0.000
80,24-02-202314:30:30,63.000,98.000,31.000,4721.664,1920.000,7500.999,162.656,46.000,52.344,4299.999,11485.000,45.800,23.899,0.800,69.600,1552.700,0.800,0.000,912.000
80,24-02-202314:30:31,63.000,98.000,31.000,4721.664,1912.000,7500.999,162.404,45.000,54.262,4299.999,11597.000,45.200,36.366,0.800,69.500,1552.700,0.800,0.000,1029.000
80,24-02-202314:30:32,64.000,98.000,30.000,4721.664,1912.000,7500.999,161.705,48.000,54.688,4299.999,11608.000,44.900,23.490,0.800,69.300,1552.700,0.800,0.000,1106.000
80,24-02-202314:30:33,63.000,98.000,30.000,4721.664,1912.000,7500.999,159.843,52.000,57.292,4299.998,11607.000,44.700,24.966,0.800,69.100,1552.700,0.800,0.000,1147.000
80,24-02-202314:30:34,63.000,98.000,30.000,4721.664,1912.000,7500.999,161.721,46.000,48.958,4299.998,11611.000,41.300,32.452,0.800,69.000,1552.700,0.800,35.000,1171.000
80,24-02-202314:30:35,63.000,98.000,31.000,4721.664,1912.000,7500.999,162.370,50.000,55.208,4299.998,11708.000,45.200,24.663,0.800,68.800,1552.700,0.800,35.000,1172.000
80,24-02-202314:30:36,63.000,98.000,30.000,4721.664,1912.000,7500.999,159.955,50.000,58.436,4299.998,11723.000,44.700,25.144,0.800,68.700,1552.700,0.800,35.000,1197.000
80,24-02-202314:30:37,63.000,98.000,31.000,4721.664,1912.000,7500.999,157.932,49.000,65.366,4299.998,11713.000,44.700,27.096,0.800,68.500,1552.700,0.800,35.000,1240.000
80,24-02-202314:30:38,63.000,98.000,30.000,4721.664,1912.000,7500.999,157.381,47.000,63.567,4299.998,11751.000,45.000,25.615,0.800,68.400,1552.700,0.800,35.000,1282.000
80,24-02-202314:30:39,63.000,98.000,31.000,4725.664,1912.000,7500.999,158.729,45.000,54.167,4299.998,11810.000,45.600,27.275,0.800,68.200,1552.700,0.800,36.000,1316.000
80,24-02-202314:30:40,63.000,98.000,31.000,4725.664,1912.000,7500.999,158.381,45.000,55.729,4299.998,11802.000,45.800,26.538,0.800,68.100,1552.700,0.800,36.000,1347.000
80,24-02-202314:30:41,63.000,98.000,31.000,4725.664,1912.000,7500.999,161.731,43.000,50.781,4299.998,11786.000,46.100,23.876,0.800,68.000,1552.700,0.800,36.000,1361.000
80,24-02-202314:30:42,63.000,98.000,32.000,4725.664,1912.000,7500.999,162.180,52.000,50.521,4299.998,11861.000,46.700,26.246,0.800,67.800,1552.700,0.800,36.000,1376.000
80,24-02-202314:30:43,63.000,98.000,33.000,4725.664,1912.000,7500.999,162.771,49.000,52.865,4299.998,11877.000,47.300,23.758,0.800,67.700,1552.700,0.800,36.000,1379.000
80,24-02-202314:30:44,63.000,98.000,32.000,4725.664,1912.000,7500.999,160.802,47.000,56.113,4299.998,11864.000,47.500,23.107,0.800,67.600,1552.700,0.800,36.000,1387.000
80,24-02-202314:30:45,63.000,98.000,33.000,4725.664,1912.000,7500.999,161.554,50.000,57.153,4299.998,11826.000,47.900,22.819,0.800,67.500,1552.700,0.800,36.000,1386.000
80,24-02-202314:30:46,55.000,22.000,5.000,4725.664,1920.000,7500.999,57.322,51.000,45.537,4299.998,11814.000,219.400,22.107,0.800,68.400,1552.700,0.800,36.000,1393.000
80,24-02-202314:30:47,53.000,22.000,5.000,4725.664,1282.000,7500.999,57.248,46.000,56.383,4299.997,11757.000,253.900,7.304,0.800,69.500,1552.700,0.800,36.000,1403.000
80,24-02-202314:30:48,52.000,32.000,8.000,4725.664,1155.000,5000.996,37.564,48.000,54.167,4299.997,11727.000,255.300,4.913,0.800,70.600,1552.700,0.800,36.000,1408.000
80,24-02-202314:30:49,51.000,33.000,8.000,4725.664,1057.000,5000.996,36.935,46.000,49.479,4300.000,11666.000,254.800,12.554,0.800,71.600,1552.700,0.800,36.000,1411.000
80,24-02-202314:30:50,50.000,37.000,8.000,4741.664,1005.000,5000.996,36.583,49.000,45.313,4299.997,11730.000,253.900,14.268,0.800,72.700,1552.700,0.800,35.000,1416.000
80,24-02-202314:30:51,50.000,37.000,8.000,4741.664,975.000,5000.996,36.371,49.000,58.594,4299.999,11671.000,251.700,18.416,0.800,73.700,1552.700,0.800,34.000,1419.000
80,24-02-202314:30:52,50.000,39.000,8.000,4741.664,952.000,5000.996,36.312,51.000,52.083,4299.998,11618.000,252.700,14.550,0.800,74.700,1552.700,0.800,33.000,1403.000
80,24-02-202314:30:53,49.000,39.000,8.000,4757.664,930.000,5000.996,36.018,51.000,50.521,4299.998,11580.000,249.700,21.315,0.800,75.700,1552.700,0.800,31.000,1379.000
80,24-02-202314:30:54,49.000,39.000,8.000,4757.664,915.000,5000.996,36.053,52.000,62.240,4299.999,11628.000,251.200,22.441,0.800,76.700,1552.700,0.800,30.000,1352.000
80,24-02-202314:30:55,48.000,40.000,8.000,4757.664,922.000,5000.996,36.242,52.000,65.365,4299.999,11596.000,253.900,6.284,0.800,77.700,1552.700,0.800,30.000,1319.000
80,24-02-202314:30:56,48.000,39.000,8.000,4757.664,945.000,5000.996,36.386,51.000,75.260,4299.998,11579.000,252.700,11.008,0.800,78.700,1552.700,0.800,30.000,1281.000
80,24-02-202314:30:57,57.000,98.000,30.000,4821.664,1935.000,7500.999,159.030,50.000,59.375,4299.998,11560.000,92.700,39.249,0.800,78.700,1552.700,0.800,30.000,1258.000
80,24-02-202314:30:58,59.000,98.000,34.000,4823.664,1935.000,7500.999,161.915,48.000,65.365,4299.998,11563.000,59.900,20.280,0.800,78.600,1552.700,0.800,30.000,1239.000
80,24-02-202314:30:59,59.000,98.000,34.000,4823.664,1920.000,7500.999,161.569,48.000,56.510,4299.998,11560.000,60.400,18.526,0.800,78.500,1552.700,0.800,30.000,1227.000
80,24-02-202314:31:00,59.000,97.000,35.000,4823.664,1920.000,7500.999,162.029,50.000,62.240,4299.998,11560.000,59.800,18.143,0.800,78.400,1552.700,0.800,30.000,1214.000
80,24-02-202314:31:01,60.000,98.000,35.000,4823.664,1920.000,7500.999,162.557,50.000,65.365,4299.997,11640.000,59.900,19.082,0.800,78.300,1552.700,0.800,30.000,1214.000
80,24-02-202314:31:02,60.000,98.000,35.000,4823.664,1920.000,7500.999,162.282,48.000,61.979,4299.999,11628.000,59.800,18.086,0.800,78.200,1552.700,0.800,30.000,1207.000
80,24-02-202314:31:03,60.000,98.000,35.000,4823.664,1912.000,7500.999,162.232,49.000,59.375,4299.999,11623.000,59.800,21.010,0.800,78.100,1552.700,0.800,30.000,1208.000
80,24-02-202314:31:04,60.000,98.000,35.000,4823.664,1920.000,7500.999,162.422,49.000,58.333,4299.999,11619.000,59.900,20.764,0.800,78.000,1552.700,0.800,30.000,1208.000
80,24-02-202314:31:05,60.000,97.000,34.000,4823.664,1920.000,7500.999,157.805,50.000,70.052,4299.997,11720.000,57.100,22.089,0.800,77.900,1552.700,0.800,30.000,1204.000
80,24-02-202314:31:06,60.000,98.000,35.000,4823.664,1920.000,7500.999,159.236,51.000,68.229,4299.997,11699.000,57.600,20.866,0.800,77.800,1552.700,0.800,30.000,1205.000
80,24-02-202314:31:07,60.000,98.000,36.000,4823.664,1920.000,7500.999,161.285,51.000,72.135,4299.998,11762.000,58.200,20.206,0.800,77.700,1552.700,0.800,30.000,1208.000
80,24-02-202314:31:08,60.000,98.000,37.000,4823.664,1920.000,7500.999,162.837,50.000,72.135,4299.998,11737.000,56.900,20.476,0.800,77.600,1552.700,0.800,30.000,1207.000
80,24-02-202314:31:09,60.000,98.000,36.000,4823.664,1920.000,7500.999,163.637,52.000,66.423,4299.999,11877.000,57.500,22.057,0.800,77.500,1552.700,0.800,30.000,1208.000
80,24-02-202314:31:10,60.000,98.000,37.000,4823.664,1920.000,7500.999,163.718,50.000,69.468,4299.999,10696.000,58.600,21.315,0.800,77.400,1552.700,0.800,30.000,1207.000
80,24-02-202314:31:11,61.000,98.000,37.000,4823.664,1920.000,7500.999,161.277,54.000,59.549,4299.998,10536.000,57.300,19.221,0.800,77.300,1552.700,0.800,30.000,1207.000
80,24-02-202314:31:12,61.000,98.000,38.000,4823.664,1912.000,7500.999,161.478,52.000,61.515,4299.998,10543.000,57.700,21.379,0.800,77.200,1552.700,0.800,30.000,1208.000
80,24-02-202314:31:13,60.000,97.000,37.000,4823.664,1920.000,7500.999,158.565,50.000,61.719,4299.998,10634.000,57.000,21.241,0.800,77.100,1552.700,0.800,30.000,1207.000
80,24-02-202314:31:14,61.000,98.000,38.000,4823.664,1920.000,7500.999,163.778,51.000,76.563,4299.999,10619.000,57.400,20.131,0.800,77.000,1552.700,0.800,30.000,1207.000
80,24-02-202314:31:15,61.000,98.000,38.000,4823.664,1920.000,7500.999,164.686,49.000,64.844,4299.997,10591.000,58.300,20.072,0.800,76.900,1552.700,0.800,30.000,1206.000
80,24-02-202314:31:16,61.000,98.000,38.000,4823.664,1912.000,7500.999,164.283,49.000,59.635,4299.997,10674.000,58.900,20.149,0.800,76.800,1552.700,0.800,30.000,1200.000
80,24-02-202314:31:17,61.000,98.000,38.000,4823.664,1897.000,7500.999,163.580,51.000,57.292,4299.999,10650.000,59.200,18.854,0.800,76.700,1552.700,0.800,30.000,1206.000
80,24-02-202314:31:18,61.000,98.000,38.000,4823.664,1920.000,7500.999,164.226,51.000,60.677,4299.998,10624.000,59.700,18.445,0.800,76.600,1552.700,0.800,30.000,1205.000
80,24-02-202314:31:19,61.000,98.000,38.000,4823.664,1920.000,7500.999,164.059,51.000,64.044,4299.998,10601.000,59.900,20.427,0.800,76.600,1552.700,0.800,30.000,1202.000
80,24-02-202314:31:20,61.000,98.000,38.000,4823.664,1920.000,7500.999,164.066,50.000,63.542,4299.998,10686.000,59.900,18.611,0.800,76.500,1552.700,0.800,30.000,1205.000
80,24-02-202314:31:21,61.000,98.000,39.000,4823.664,1920.000,7500.999,164.367,56.000,67.416,4299.998,10681.000,60.100,20.747,0.800,76.400,1552.700,0.800,30.000,1207.000
80,24-02-202314:31:22,53.000,23.000,5.000,4823.664,1935.000,7500.999,56.823,50.000,73.958,4299.998,10617.000,216.800,21.350,0.800,77.100,1552.700,0.800,30.000,1201.000
80,24-02-202314:31:23,52.000,21.000,5.000,4839.664,1935.000,7500.999,56.521,52.000,49.503,4299.998,10589.000,255.000,5.218,0.800,77.900,1552.700,0.800,30.000,1208.000
80,24-02-202314:31:24,50.000,31.000,8.000,4823.664,1147.000,5000.996,37.110,52.000,60.232,4299.998,10707.000,254.100,9.208,0.800,78.800,1552.700,0.800,30.000,1213.000
80,24-02-202314:31:25,50.000,33.000,8.000,4823.664,1065.000,5000.996,36.556,50.000,62.193,4299.998,10679.000,254.600,7.319,0.800,79.600,1552.700,0.800,30.000,1223.000
80,24-02-202314:31:26,49.000,36.000,8.000,4823.664,1005.000,5000.996,36.291,49.000,61.979,4299.998,10616.000,254.900,5.479,0.800,80.500,1552.700,0.800,30.000,1225.000
80,24-02-202314:31:27,49.000,37.000,8.000,4823.664,967.000,5000.996,36.354,52.000,69.792,4299.998,10582.000,253.100,16.469,0.800,81.300,1552.700,0.800,30.000,1222.000
80,24-02-202314:31:28,49.000,39.000,8.000,4823.664,975.000,5000.996,36.316,49.000,69.725,4299.998,10621.000,253.900,9.658,0.800,82.100,1552.700,0.800,30.000,1222.000
80,24-02-202314:31:29,48.000,39.000,8.000,4823.664,952.000,5000.996,36.409,49.000,93.490,4299.999,10579.000,255.700,5.978,0.800,82.900,1552.700,0.800,30.000,1223.000
80,24-02-202314:31:30,58.000,99.000,28.000,4825.664,1927.000,7500.999,162.288,52.000,63.281,4299.999,10568.000,106.600,42.412,0.800,83.000,1552.700,0.800,30.000,1228.000
80,24-02-202314:31:31,59.000,98.000,26.000,4825.664,1927.000,7500.999,163.384,51.000,73.033,4299.998,10642.000,54.900,23.422,0.800,82.900,1552.700,0.800,30.000,1222.000
80,24-02-202314:31:32,59.000,99.000,26.000,4825.664,1927.000,7500.999,163.638,52.000,69.271,4299.998,10676.000,53.200,21.381,0.800,82.800,1552.700,0.800,30.000,1215.000
80,24-02-202314:31:33,60.000,99.000,25.000,4825.664,1927.000,7500.999,163.514,50.000,69.010,4299.998,10674.000,53.200,22.921,0.800,82.600,1552.700,0.800,30.000,1210.000
80,24-02-202314:31:34,60.000,99.000,26.000,4827.664,1920.000,7500.999,164.036,50.000,68.229,4299.999,10664.000,53.400,20.553,0.800,82.500,1552.700,0.800,30.000,1207.000
80,24-02-202314:31:35,60.000,98.000,26.000,4827.664,1920.000,7500.999,164.343,51.000,69.271,4299.999,10744.000,52.900,21.083,0.800,82.400,1552.700,0.800,30.000,1207.000
80,24-02-202314:31:36,60.000,98.000,25.000,4827.664,1920.000,7500.999,162.669,50.000,74.219,4299.999,10755.000,52.300,22.414,0.800,82.200,1552.700,0.800,30.000,1202.000
80,24-02-202314:31:37,60.000,98.000,25.000,4827.664,1920.000,7500.999,163.724,54.000,75.781,4299.999,10747.000,52.000,22.621,0.800,82.100,1552.700,0.800,30.000,1203.000
80,24-02-202314:31:38,60.000,99.000,25.000,4827.664,1920.000,7500.999,164.117,55.000,68.442,4299.997,10730.000,51.900,22.391,0.800,81.900,1552.700,0.800,30.000,1203.000
80,24-02-202314:31:39,60.000,98.000,26.000,4827.664,1920.000,7500.999,164.268,50.000,63.802,4299.999,10809.000,52.900,22.959,0.800,81.800,1552.700,0.800,30.000,1203.000
80,24-02-202314:31:40,61.000,98.000,26.000,4827.664,1912.000,7500.999,164.390,49.000,63.542,4299.999,10799.000,53.300,20.858,0.800,81.700,1552.700,0.800,30.000,1202.000
80,24-02-202314:31:41,61.000,98.000,27.000,4827.664,1912.000,7500.999,165.138,50.000,63.802,4299.997,10781.000,54.900,20.823,0.800,81.600,1552.700,0.800,30.000,1203.000
80,24-02-202314:31:42,61.000,98.000,27.000,4827.664,1912.000,7500.999,163.705,49.000,66.688,4299.997,10744.000,56.200,21.495,0.800,81.500,1552.700,0.800,30.000,1202.000
80,24-02-202314:31:43,61.000,98.000,27.000,4827.664,1920.000,7500.999,163.867,53.000,71.008,4300.000,10811.000,57.000,20.026,0.800,81.300,1552.700,0.800,30.000,1201.000
80,24-02-202314:31:44,61.000,98.000,28.000,4829.664,1912.000,7500.999,161.713,49.000,76.563,4299.997,10802.000,57.900,22.000,0.800,81.200,1552.700,0.800,30.000,1201.000
80,24-02-202314:31:45,61.000,98.000,28.000,4829.664,1920.000,7500.999,162.869,54.000,75.000,4299.997,10777.000,58.300,22.034,0.800,81.100,1552.700,0.800,30.000,1201.000
80,24-02-202314:31:46,61.000,98.000,28.000,4829.664,1912.000,7500.999,162.741,52.000,74.740,4299.999,10869.000,57.900,20.644,0.800,81.000,1552.700,0.800,30.000,1202.000
80,24-02-202314:31:47,61.000,98.000,28.000,4829.664,1912.000,7500.999,163.092,50.000,75.260,4299.997,10862.000,57.900,20.101,0.800,80.900,1552.700,0.800,30.000,1202.000
80,24-02-202314:31:48,61.000,98.000,29.000,4829.664,1912.000,7500.999,163.279,50.000,75.260,4299.997,10844.000,58.200,20.400,0.800,80.800,1552.700,0.800,30.000,1202.000
80,24-02-202314:31:49,61.000,98.000,29.000,4829.664,1912.000,7500.999,162.448,52.000,70.833,4299.998,10833.000,58.800,19.952,0.800,80.800,1552.700,3.800,30.000,1202.000
80,24-02-202314:31:50,61.000,98.000,29.000,4829.664,1912.000,7500.999,164.750,50.000,74.479,4299.998,10925.000,59.600,19.770,0.800,80.700,1552.700,3.800,30.000,1206.000
80,24-02-202314:31:51,61.000,98.000,29.000,4829.664,1912.000,7500.999,164.162,52.000,64.583,4299.998,10916.000,59.300,19.830,0.800,80.600,1552.700,3.800,30.000,1205.000
80,24-02-202314:31:52,62.000,98.000,29.000,4829.664,1912.000,7500.999,164.928,53.000,64.583,4299.998,10894.000,60.000,20.816,0.800,80.500,1552.700,3.800,30.000,1206.000
80,24-02-202314:31:53,61.000,98.000,29.000,4829.664,1920.000,7500.999,163.395,55.000,64.323,4299.998,10884.000,59.800,21.596,0.800,80.400,1552.700,3.800,30.000,1205.000
80,24-02-202314:31:54,62.000,98.000,30.000,4829.664,1912.000,7500.999,165.068,56.000,65.104,4299.998,10965.000,60.000,19.305,0.800,80.300,1552.700,3.800,30.000,1207.000
80,24-02-202314:31:55,54.000,22.000,5.000,4829.664,1927.000,7500.999,57.176,52.000,50.260,4299.998,10827.000,208.800,18.083,0.800,80.900,1552.700,3.800,30.000,1206.000
80,24-02-202314:31:56,53.000,21.000,5.000,4829.664,1927.000,7500.999,56.610,50.000,50.521,4299.998,10772.000,253.500,5.375,0.800,81.600,1552.700,3.800,30.000,1212.000
80,24-02-202314:31:57,51.000,32.000,8.000,4829.664,1140.000,5000.996,37.090,54.000,52.083,4299.998,10743.000,254.700,5.135,0.800,82.300,1552.700,3.800,30.000,1219.000
80,24-02-202314:31:58,50.000,33.000,8.000,4829.664,1065.000,5000.996,36.806,50.000,61.458,4299.998,10806.000,254.900,6.889,0.800,83.000,1552.700,3.800,30.000,1222.000
80,24-02-202314:31:59,49.000,37.000,8.000,4813.664,1005.000,5000.996,36.375,51.000,53.385,4299.999,10756.000,254.600,6.190,0.800,83.700,1552.700,3.800,30.000,1220.000
80,24-02-202314:32:00,49.000,38.000,8.000,4813.664,975.000,5000.996,36.241,54.000,64.844,4299.999,10729.000,254.900,11.660,0.800,84.400,1552.700,3.800,30.000,1220.000
80,24-02-202314:32:01,49.000,38.000,8.000,4829.664,982.000,5000.996,36.294,52.000,65.885,4299.998,10750.000,255.200,5.143,0.800,85.100,1552.700,3.800,30.000,1225.000
80,24-02-202314:32:02,48.000,38.000,8.000,4829.664,982.000,5000.996,36.134,50.000,63.021,4299.999,10732.000,255.000,5.223,0.800,85.800,1552.700,3.800,30.000,1227.000
80,24-02-202314:32:03,48.000,39.000,8.000,4829.664,937.000,5000.996,36.133,52.000,68.229,4299.999,10689.000,254.600,5.545,0.800,86.500,1552.700,3.800,30.000,1227.000
80,24-02-202314:32:04,48.000,38.000,8.000,4829.664,915.000,5000.996,36.187,52.000,70.573,4299.999,10662.000,253.900,5.331,0.800,87.200,1552.700,3.800,30.000,1227.000
80,24-02-202314:32:05,47.000,38.000,8.000,4829.664,907.000,5000.996,36.145,51.000,70.313,4299.997,10722.000,253.000,13.137,0.800,87.800,1552.700,3.800,30.000,1224.000
80,24-02-202314:32:06,47.000,39.000,8.000,4829.664,900.000,5000.996,36.080,54.000,63.281,4299.958,10693.000,254.800,6.661,0.800,88.500,1552.700,3.800,30.000,1228.000
80,24-02-202314:32:07,47.000,41.000,8.000,4829.664,915.000,5000.996,36.079,52.000,71.875,4299.958,10656.000,253.700,6.389,0.800,89.100,1552.700,3.800,30.000,1229.000
80,24-02-202314:32:08,47.000,38.000,8.000,4829.664,915.000,5000.996,36.134,52.000,63.802,4300.018,10632.000,253.900,5.587,0.800,89.800,1552.700,3.800,30.000,1225.000
80,24-02-202314:32:09,46.000,39.000,8.000,4829.664,907.000,5000.996,36.062,52.000,61.929,4300.018,10682.000,253.300,5.852,0.800,90.400,1552.700,3.800,30.000,1230.000
80,24-02-202314:32:10,46.000,39.000,8.000,4829.664,907.000,5000.996,36.117,53.000,76.042,4299.998,10682.000,249.900,12.729,0.800,91.100,1552.700,3.800,30.000,1227.000
80,24-02-202314:32:11,46.000,38.000,8.000,4845.664,930.000,5000.996,36.126,52.000,69.468,4299.998,10598.000,252.400,6.694,0.800,91.700,1552.700,3.800,30.000,1230.000
80,24-02-202314:32:12,46.000,38.000,8.000,4845.664,930.000,5000.996,35.985,52.000,71.094,4299.999,10580.000,252.700,5.854,0.800,92.300,1552.700,3.800,30.000,1225.000
80,24-02-202314:32:13,46.000,41.000,8.000,4845.664,915.000,5000.996,36.005,53.000,76.042,4299.999,10639.000,251.300,6.008,0.800,93.000,1552.700,3.800,30.000,1224.000
80,24-02-202314:32:14,45.000,38.000,8.000,4845.664,915.000,5000.996,36.142,52.000,65.625,4299.998,10632.000,250.900,6.726,0.800,93.600,1552.700,3.800,30.000,1224.000
80,24-02-202314:32:15,45.000,38.000,8.000,4845.664,900.000,5000.996,35.966,53.000,72.831,4299.998,10648.000,246.600,8.496,0.800,94.200,1552.700,7.500,30.000,1230.000
80,24-02-202314:32:16,45.000,38.000,8.000,4845.664,877.000,5000.996,36.024,52.000,69.363,4299.998,10701.000,242.600,7.323,0.800,94.700,1552.700,7.500,30.000,1224.000
80,24-02-202314:32:17,55.000,95.000,31.000,4845.664,1935.000,7500.999,148.830,54.000,87.685,4299.998,10734.000,46.900,56.778,0.800,94.500,1552.700,7.500,30.000,1227.000
80,24-02-202314:32:18,56.000,96.000,33.000,4845.664,1935.000,7500.999,154.052,54.000,93.229,4299.998,10767.000,52.400,25.497,0.800,94.400,1552.700,7.500,30.000,1219.000
80,24-02-202314:32:19,57.000,98.000,33.000,4845.664,1935.000,7500.999,156.683,52.000,91.540,4299.998,10776.000,53.600,23.280,0.800,94.200,1552.700,7.500,30.000,1217.000
80,24-02-202314:32:20,57.000,98.000,33.000,4845.664,1935.000,7500.999,153.656,55.000,89.844,4299.998,10882.000,53.200,23.297,0.800,94.100,1552.700,7.500,30.000,1213.000
80,24-02-202314:32:21,57.000,97.000,32.000,4845.664,1927.000,7500.999,154.075,53.000,88.802,4299.999,10910.000,52.700,22.847,0.800,93.900,1552.700,7.500,30.000,1212.000
80,24-02-202314:32:22,57.000,93.000,30.000,4845.664,1927.000,7500.999,152.911,51.000,92.708,4299.999,10935.000,51.400,27.242,0.800,93.800,1552.700,7.500,30.000,1204.000
80,24-02-202314:32:23,57.000,92.000,31.000,4845.664,1927.000,7500.999,154.804,53.000,91.927,4299.997,10942.000,50.700,24.507,0.800,93.600,1552.700,7.500,30.000,1208.000
80,24-02-202314:32:24,57.000,96.000,31.000,4845.664,1927.000,7500.999,153.032,53.000,87.428,4299.997,11036.000,50.400,22.343,0.800,93.400,1552.700,7.500,30.000,1208.000
80,24-02-202314:32:25,57.000,96.000,31.000,4845.664,1927.000,7500.999,146.698,52.000,96.034,4299.998,11033.000,46.900,29.379,0.800,93.300,1552.700,7.500,30.000,1208.000
80,24-02-202314:32:26,57.000,97.000,32.000,4845.664,1927.000,7500.999,154.210,54.000,96.354,4299.998,11048.000,49.800,24.465,0.800,93.100,1552.700,7.500,30.000,1209.000
80,24-02-202314:32:27,57.000,94.000,30.000,4845.664,1927.000,7500.999,150.243,53.000,97.135,4299.998,11054.000,47.100,31.113,0.800,92.900,1552.700,7.500,30.000,1203.000
80,24-02-202314:32:28,57.000,97.000,31.000,4845.664,1927.000,7500.999,151.754,55.000,94.099,4299.999,11133.000,49.700,24.122,0.800,92.800,1552.700,9.500,30.000,1205.000
80,24-02-202314:32:29,57.000,92.000,31.000,4845.664,1927.000,7500.999,153.772,54.000,92.448,4299.995,11122.000,49.900,23.402,0.800,92.600,1552.700,9.500,30.000,1206.000
80,24-02-202314:32:30,58.000,98.000,33.000,4845.664,1927.000,7500.999,156.195,53.000,85.938,4299.995,11069.000,51.200,24.353,0.800,92.500,1552.700,9.500,30.000,1205.000
80,24-02-202314:32:31,58.000,98.000,32.000,4845.664,1927.000,7500.999,155.352,53.000,90.482,4299.999,11168.000,51.100,22.267,0.800,92.300,1552.700,9.500,30.000,1208.000
80,24-02-202314:32:32,58.000,98.000,32.000,4845.664,1927.000,7500.999,151.160,54.000,92.188,4299.998,11160.000,50.500,24.339,0.800,92.200,1552.700,9.500,30.000,1206.000
80,24-02-202314:32:33,58.000,93.000,31.000,4845.664,1927.000,7500.999,153.009,54.000,94.531,4299.998,11139.000,47.700,25.235,0.800,92.000,1552.700,9.500,30.000,1206.000
80,24-02-202314:32:34,58.000,88.000,28.000,4845.664,1927.000,7500.999,153.105,57.000,95.313,4299.998,11125.000,49.400,26.461,0.800,91.900,1552.700,9.500,30.000,1208.000
80,24-02-202314:32:35,58.000,97.000,31.000,4845.664,1927.000,7500.999,152.954,55.000,91.927,4299.998,11220.000,50.800,26.526,0.800,91.700,1552.700,9.500,30.000,1205.000
80,24-02-202314:32:36,59.000,94.000,31.000,4845.664,1927.000,7500.999,151.486,57.000,95.125,4299.998,11194.000,49.800,25.934,0.800,91.600,1552.700,9.500,30.000,1209.000
80,24-02-202314:32:37,59.000,95.000,31.000,4845.664,1927.000,7500.999,155.796,56.000,94.792,4299.998,11166.000,50.600,25.001,0.800,91.400,1552.700,9.500,30.000,1210.000
80,24-02-202314:32:38,58.000,85.000,28.000,4845.664,1927.000,7500.999,145.860,53.000,94.010,4299.999,11118.000,49.400,25.152,0.800,91.300,1552.700,10.400,30.000,1209.000
80,24-02-202314:32:39,59.000,95.000,31.000,4845.664,1927.000,7500.999,154.400,56.000,91.406,4299.997,11221.000,50.100,30.806,0.800,91.100,1552.700,10.400,30.000,1210.000
80,24-02-202314:32:40,59.000,94.000,31.000,4845.664,1927.000,7500.999,148.360,55.000,94.792,4299.997,11184.000,49.800,26.782,0.800,91.000,1552.700,10.400,30.000,1213.000
80,24-02-202314:32:41,59.000,97.000,33.000,4845.664,1927.000,7500.999,156.963,54.000,91.667,4299.998,11150.000,52.100,24.977,0.800,90.800,1552.700,10.400,30.000,1206.000
80,24-02-202314:32:42,51.000,23.000,5.000,4845.664,1935.000,7500.999,56.153,54.000,66.146,4299.998,11031.000,228.700,20.205,0.800,91.300,1552.700,10.400,30.000,1205.000
80,24-02-202314:32:43,49.000,22.000,5.000,4845.664,1245.000,5000.996,40.110,53.000,74.619,4299.999,11111.000,253.100,6.913,0.800,91.900,1552.700,10.400,30.000,1212.000
80,24-02-202314:32:44,48.000,35.000,8.000,4845.664,1132.000,5000.996,36.814,55.000,59.462,4299.999,11070.000,254.900,5.110,0.800,92.400,1552.700,10.400,30.000,1214.000
80,24-02-202314:32:45,48.000,36.000,8.000,4845.664,1080.000,5000.996,36.584,53.000,55.469,4299.998,11031.000,254.300,7.533,0.800,93.000,1552.700,10.400,30.000,1220.000
80,24-02-202314:32:46,47.000,36.000,8.000,4845.664,1035.000,5000.996,36.324,53.000,55.990,4299.997,11078.000,255.200,4.961,0.800,93.600,1552.700,10.400,30.000,1228.000
80,24-02-202314:32:47,47.000,36.000,8.000,4845.664,997.000,5000.996,36.154,52.000,52.604,4299.998,11046.000,252.400,16.383,0.800,94.100,1552.700,10.400,30.000,1227.000
80,24-02-202314:32:48,47.000,39.000,8.000,4845.664,975.000,5000.996,36.167,54.000,65.625,4299.998,11027.000,253.900,10.293,0.800,94.700,1552.700,11.900,30.000,1224.000
80,24-02-202314:32:49,46.000,39.000,8.000,4845.664,960.000,5000.996,36.150,54.000,65.885,4299.998,10934.000,253.500,5.163,0.800,95.200,1552.700,11.900,30.000,1228.000
80,24-02-202314:32:50,46.000,38.000,8.000,4845.664,952.000,5000.996,36.128,54.000,67.969,4299.998,10987.000,251.500,7.334,0.800,95.700,1552.700,11.900,30.000,1225.000
80,24-02-202314:32:51,46.000,38.000,8.000,4845.664,930.000,5000.996,36.168,54.000,72.656,4299.998,10973.000,244.900,17.492,0.800,96.200,1552.700,11.900,30.000,1230.000
80,24-02-202314:32:52,46.000,40.000,8.000,4845.664,930.000,5000.996,35.844,51.000,72.656,4299.998,10959.000,247.300,7.086,0.800,96.800,1552.700,11.900,30.000,1231.000
80,24-02-202314:32:53,46.000,41.000,8.000,4861.664,945.000,5000.996,36.185,54.000,76.823,4299.998,10852.000,243.800,12.122,0.800,97.300,1552.700,11.900,30.000,1224.000
80,24-02-202314:32:54,45.000,38.000,8.000,4893.664,1005.000,5000.996,36.251,54.000,70.313,4299.998,10875.000,248.300,6.156,0.800,97.800,1552.700,11.900,30.000,1224.000
80,24-02-202314:32:55,45.000,35.000,8.000,4893.664,945.000,5000.996,35.899,54.000,73.438,4299.998,10866.000,245.200,9.545,0.800,98.200,1552.700,11.900,30.000,1229.000
80,24-02-202314:32:56,45.000,37.000,8.000,4893.664,922.000,5000.996,35.733,53.000,77.344,4299.998,10860.000,242.000,9.031,0.800,98.700,1552.700,13.300,30.000,1231.000
80,24-02-202314:32:57,45.000,38.000,8.000,4909.664,892.000,5000.996,35.973,53.000,77.604,4299.998,10846.000,237.400,16.414,0.800,99.200,1552.700,13.300,30.000,1230.000
80,24-02-202314:32:58,44.000,37.000,8.000,4909.664,900.000,5000.996,35.677,54.000,73.698,4299.998,10904.000,241.900,7.535,0.800,99.700,1552.700,13.300,30.000,1226.000
80,24-02-202314:32:59,44.000,36.000,8.000,4909.664,900.000,5000.996,35.748,54.000,75.000,4299.999,10892.000,240.300,11.558,0.800,100.100,1552.700,13.300,30.000,1231.000
80,24-02-202314:33:00,44.000,40.000,8.000,4925.664,885.000,5000.996,35.680,52.000,73.698,4299.998,10860.000,236.500,15.518,0.800,100.600,1552.700,13.300,30.000,1228.000
80,24-02-202314:33:01,44.000,39.000,8.000,4925.664,885.000,5000.996,35.689,53.000,69.271,4299.999,10919.000,241.400,9.867,0.800,101.000,1552.700,13.300,30.000,1231.000
80,24-02-202314:33:02,44.000,39.000,8.000,4925.664,870.000,5000.996,35.709,53.000,73.698,4299.998,10921.000,238.000,11.393,0.800,101.500,1552.700,13.300,30.000,1228.000
80,24-02-202314:33:03,44.000,39.000,8.000,4941.664,877.000,5000.996,35.836,53.000,80.469,4299.998,10912.000,240.600,9.747,0.800,101.900,1552.700,13.300,30.000,1227.000
80,24-02-202314:33:04,43.000,39.000,8.000,4941.664,892.000,5000.996,35.749,56.000,80.990,4299.998,10902.000,243.200,7.976,0.800,102.400,1848.400,13.900,30.000,1232.000
80,24-02-202314:33:05,43.000,39.000,8.000,4957.664,892.000,5000.996,35.748,54.000,73.698,4299.998,10961.000,237.800,14.224,0.800,102.800,1848.400,13.900,30.000,1232.000
80,24-02-202314:33:06,43.000,38.000,8.000,4973.664,907.000,5000.996,35.777,53.000,80.729,4299.998,10959.000,244.000,7.159,0.800,103.300,1848.400,13.900,30.000,1228.000
80,24-02-202314:33:07,43.000,39.000,8.000,4989.664,907.000,5000.996,35.801,52.000,78.125,4299.998,10954.000,243.600,6.869,0.800,103.700,1848.400,13.900,30.000,1224.000
80,24-02-202314:33:08,47.000,77.000,5.000,5013.664,1837.000,7500.999,113.366,45.000,66.159,4299.998,10872.000,236.900,14.883,0.800,104.100,1848.400,13.900,30.000,1232.000
80,24-02-202314:33:09,53.000,100.000,0.000,5013.664,1935.000,7500.999,148.818,41.000,1.042,4299.998,10884.000,236.900,0.000,0.800,104.100,1848.400,13.900,30.000,1231.000
80,24-02-202314:33:10,54.000,100.000,0.000,5013.664,1935.000,7500.999,149.278,41.000,1.509,4299.998,10830.000,0.000,0.000,0.800,104.100,1848.400,13.900,30.000,1218.000
80,24-02-202314:33:11,54.000,100.000,0.000,5013.664,1935.000,7500.999,149.677,40.000,1.914,4299.999,10781.000,0.000,0.000,0.800,104.100,1848.400,13.900,30.000,1211.000
80,24-02-202314:33:12,55.000,100.000,0.000,5013.664,1935.000,7500.999,149.859,41.000,1.563,4299.999,10737.000,0.000,0.000,0.800,104.100,1848.400,13.900,30.000,1209.000
80,24-02-202314:33:13,47.000,6.000,1.000,5013.680,1920.000,7500.999,51.930,58.000,76.823,4299.998,10933.000,0.000,0.000,0.800,104.100,1848.400,13.900,30.000,1207.000
80,24-02-202314:33:14,44.000,7.000,1.000,5013.680,735.000,810.000,31.132,51.000,58.693,4299.995,10956.000,0.000,0.000,0.800,104.100,1848.400,13.900,30.000,1213.000
80,24-02-202314:33:15,43.000,13.000,8.000,5013.680,547.000,810.000,27.725,49.000,28.906,4299.995,10932.000,0.000,0.000,0.800,104.100,1848.400,13.900,30.000,1221.000
80,24-02-202314:33:16,43.000,15.000,8.000,5013.680,412.000,405.000,26.140,50.000,32.031,4299.999,10971.000,0.000,0.000,0.800,104.100,1848.400,13.900,30.000,1225.000
80,24-02-202314:33:17,42.000,24.000,16.000,5013.680,345.000,405.000,25.753,53.000,30.990,4299.999,10962.000,0.000,0.000,0.800,104.100,1848.400,13.900,30.000,1228.000
80,24-02-202314:33:18,42.000,24.000,16.000,5013.680,292.000,405.000,25.646,48.000,25.521,4299.999,10928.000,0.000,0.000,0.800,104.100,1848.400,13.900,30.000,1227.000
80,24-02-202314:33:19,44.000,7.000,1.000,4992.750,1837.000,7500.999,46.905,55.000,45.052,4299.999,10866.000,0.000,0.000,0.800,104.100,1848.400,13.900,30.000,1232.000
80,24-02-202314:33:20,43.000,6.000,1.000,4992.750,1837.000,7500.999,47.122,53.000,30.729,4299.998,10942.000,0.000,0.000,0.800,104.100,1848.400,13.900,30.000,1231.000
80,24-02-202314:33:21,43.000,6.000,1.000,4992.750,1837.000,7500.999,46.755,50.000,32.318,4299.997,10926.000,0.000,0.000,0.800,104.100,1848.400,13.900,30.000,1232.000
80,24-02-202314:33:22,42.000,14.000,9.000,4992.750,540.000,810.000,27.641,47.000,16.615,4299.997,10913.000,0.000,0.000,0.800,104.100,1848.400,13.900,30.000,1224.000
80,24-02-202314:33:23,41.000,16.000,9.000,4992.750,405.000,810.000,27.853,46.000,18.570,4299.999,10895.000,0.000,0.000,0.800,104.100,1848.400,13.900,30.000,1228.000
80,24-02-202314:33:24,41.000,28.000,17.000,4992.750,322.000,405.000,25.816,47.000,18.411,4299.998,10937.000,0.000,0.000,0.800,104.100,1848.400,13.900,30.000,1231.000
80,24-02-202314:33:25,41.000,28.000,18.000,4992.750,285.000,405.000,25.680,47.000,17.188,4299.998,10920.000,0.000,0.000,0.800,104.100,1848.400,13.900,30.000,1235.000
80,24-02-202314:33:26,41.000,29.000,18.000,4992.750,255.000,405.000,25.722,53.000,16.441,4299.998,10903.000,0.000,0.000,0.800,104.100,1848.400,13.900,30.000,1230.000
80,24-02-202314:33:27,40.000,30.000,18.000,4992.750,225.000,405.000,25.674,50.000,17.811,4299.998,10884.000,0.000,0.000,0.800,104.100,1848.400,13.900,30.000,1233.000
80,24-02-202314:33:28,40.000,31.000,18.000,4992.750,210.000,405.000,25.539,49.000,17.586,4299.998,10924.000,0.000,0.000,0.800,104.100,1848.400,13.900,30.000,1233.000
80,24-02-202314:33:29,40.000,31.000,18.000,4992.750,210.000,405.000,25.269,45.000,17.188,4299.998,10909.000,0.000,0.000,0.800,104.100,1848.400,13.900,30.000,1233.000
80,24-02-202314:33:30,40.000,31.000,18.000,4992.750,210.000,405.000,25.111,45.000,18.490,4299.998,10894.000,0.000,0.000,0.800,104.100,1848.400,13.900,0.000,1228.000
80,24-02-202314:33:31,40.000,31.000,18.000,4992.750,210.000,405.000,25.084,50.000,38.542,4299.998,10915.000,0.000,0.000,0.800,104.100,1848.400,13.900,0.000,0.000
80,24-02-202314:33:32,40.000,31.000,18.000,4992.750,210.000,405.000,25.274,51.000,20.833,4299.998,10913.000,0.000,0.000,0.800,104.100,1848.400,13.900,0.000,0.000
80,24-02-202314:33:33,40.000,31.000,18.000,4992.750,210.000,405.000,25.086,45.000,16.927,4299.998,10895.000,0.000,0.000,0.800,104.100,1848.400,13.900,0.000,0.000
80,24-02-202314:33:34,40.000,32.000,18.000,4992.750,210.000,405.000,25.194,51.000,21.055,4299.998,10882.000,0.000,0.000,0.800,104.100,1848.400,13.900,0.000,0.000
80,24-02-202314:33:35,40.000,36.000,19.000,4992.750,210.000,405.000,25.472,49.000,18.433,4299.998,10923.000,0.000,0.000,0.800,104.100,1848.400,13.900,0.000,0.000
80,24-02-202314:33:36,40.000,33.000,19.000,4992.750,210.000,405.000,25.230,50.000,19.799,4299.998,10901.000,0.000,0.000,0.800,104.100,1848.400,13.900,0.000,0.000
80,24-02-202314:33:37,40.000,31.000,19.000,4996.000,240.000,405.000,25.595,50.000,27.083,4299.998,10895.000,0.000,0.000,0.800,104.100,1848.400,13.900,0.000,0.000
80,24-02-202314:33:38,40.000,39.000,23.000,4996.000,240.000,405.000,25.786,47.000,16.720,4299.998,10874.000,0.000,0.000,0.800,104.100,1848.400,13.900,0.000,0.000
80,24-02-202314:33:39,40.000,30.000,17.000,4996.000,217.000,405.000,25.270,46.000,15.885,4299.998,10914.000,0.000,0.000,0.800,104.100,1848.400,13.900,0.000,0.000
80,24-02-202314:33:40,40.000,36.000,21.000,4996.000,210.000,405.000,25.600,52.000,17.188,4299.998,10898.000,0.000,0.000,0.800,104.100,1848.400,13.900,0.000,0.000
80,24-02-202314:33:41,40.000,34.000,18.000,4996.000,210.000,405.000,24.991,48.000,19.181,4299.998,10880.000,0.000,0.000,0.800,104.100,1848.400,13.900,0.000,0.000
80,24-02-202314:33:42,40.000,28.000,15.000,4996.000,210.000,405.000,24.985,46.000,15.365,4299.998,10869.000,0.000,0.000,0.800,104.100,1848.400,13.900,0.000,0.000
80,24-02-202314:33:43,40.000,28.000,15.000,4998.125,210.000,405.000,25.228,48.000,16.667,4299.998,10910.000,0.000,0.000,0.800,104.100,1848.400,13.900,0.000,0.000
80,24-02-202314:33:44,40.000,28.000,15.000,5024.063,210.000,405.000,26.757,50.000,18.306,4299.998,10895.000,0.000,0.000,0.800,104.100,1848.400,13.900,0.000,0.000
80,24-02-202314:33:45,40.000,25.000,16.000,4994.250,330.000,405.000,25.529,45.000,19.181,4299.998,10880.000,0.000,0.000,0.800,104.100,1848.400,13.900,0.000,0.000
80,24-02-202314:33:46,40.000,24.000,16.000,4994.250,330.000,405.000,25.299,43.000,15.365,4299.998,10880.000,0.000,0.000,0.800,104.100,1848.400,13.900,0.000,0.000
