02;Datetime;GPUtemperature;GPUusage;FBusage;Memoryusage;Coreclock;Memoryclock;Power;CPUtemperature;CPUusage;CPUclock;RAMusage;Framerate;Frametime;FramerateMin;FramerateAvg;FramerateMax;Framerate1%Low;Fanspeed2;Fantachometer2
80;24-02-202310:30:55;56.000;55.000;12.000;4622.277;1927.000;7500.999;120.844;48.000;12.102;4299.999;5933.000;60.200;18.903;0.100;43.400;2673.700;0.200;33.000;1323.000
80;24-02-202310:30:56;56.000;54.000;11.000;4622.277;1927.000;7500.999;121.030;44.000;14.334;4299.999;5930.000;60.100;17.052;0.100;43.400;2673.700;0.200;33.000;1328.000
80;24-02-202310:30:57;56.000;55.000;12.000;4622.277;1927.000;7500.999;120.633;44.000;6.843;4299.999;5935.000;60.100;18.260;0.100;43.400;2673.700;0.200;33.000;1323.000
80;24-02-202310:30:58;56.000;59.000;12.000;4620.965;1927.000;7500.999;122.713;44.000;19.271;4299.999;5935.000;60.200;17.771;0.100;43.400;2673.700;0.200;33.000;1327.000
80;24-02-202310:30:59;56.000;61.000;12.000;4620.965;1927.000;7500.999;122.909;45.000;8.333;4299.999;5935.000;60.100;17.850;0.100;43.400;2673.700;0.200;33.000;1315.000
80;24-02-202310:31:00;57.000;59.000;12.000;4622.277;1927.000;7500.999;121.137;47.000;15.365;4299.999;5934.000;60.100;17.948;0.100;43.400;2673.700;0.200;33.000;1302.000
80;24-02-202310:31:01;56.000;58.000;12.000;4618.715;1927.000;7500.999;121.401;44.000;14.583;4299.999;5935.000;60.200;17.526;0.100;43.400;2673.700;0.200;33.000;1298.000
80;24-02-202310:31:02;57.000;58.000;12.000;4619.402;1927.000;7500.999;122.521;45.000;11.315;4299.999;5933.000;60.100;18.675;0.100;43.400;2673.700;0.200;33.000;1293.000
80;24-02-202310:31:03;56.000;63.000;13.000;4603.590;1927.000;7500.999;123.547;45.000;16.635;4299.999;5939.000;58.400;33.406;0.100;43.400;2673.700;0.200;33.000;1286.000
80;24-02-202310:31:04;56.000;60.000;13.000;4603.590;1927.000;7500.999;122.629;45.000;7.813;4299.999;5937.000;60.100;18.418;0.100;43.400;2673.700;0.200;33.000;1286.000
80;24-02-202310:31:05;56.000;60.000;13.000;4603.590;1927.000;7500.999;121.184;45.000;10.290;4299.999;5937.000;60.000;18.169;0.100;43.400;2673.700;0.200;33.000;1290.000
80;24-02-202310:31:06;57.000;62.000;13.000;4603.590;1927.000;7500.999;124.453;44.000;9.489;4299.999;5941.000;60.200;17.852;0.100;43.400;2673.700;0.200;33.000;1289.000
80;24-02-202310:31:07;56.000;60.000;13.000;4603.590;1927.000;7500.999;122.433;48.000;10.677;4299.999;5940.000;60.000;18.858;0.100;43.400;2673.700;0.200;32.000;1285.000
80;24-02-202310:31:08;57.000;56.000;12.000;4603.590;1927.000;7500.999;121.698;45.000;11.198;4299.999;5936.000;60.200;17.651;0.100;43.400;2673.700;0.200;32.000;1288.000
80;24-02-202310:31:09;55.000;51.000;12.000;5282.715;1927.000;7500.999;92.636;46.000;12.084;4299.999;5940.000;56.100;66.554;0.100;43.400;2673.700;0.200;32.000;1290.000
80;24-02-202310:31:10;52.000;26.000;7.000;5991.402;1927.000;7500.999;79.467;45.000;10.283;4299.999;5941.000;57.600;43.432;0.100;43.400;2673.700;0.200;32.000;1291.000
80;24-02-202310:31:11;56.000;57.000;13.000;5992.965;1927.000;7500.999;121.509;45.000;10.677;4299.999;5939.000;55.800;69.577;0.100;43.400;2673.700;0.200;32.000;1286.000
80;24-02-202310:31:12;56.000;56.000;13.000;6388.465;1927.000;7500.999;117.314;45.000;10.938;4299.999;5944.000;58.000;64.246;0.100;43.400;2673.700;0.200;32.000;1288.000
80;24-02-202310:31:13;56.000;56.000;13.000;6388.465;1927.000;7500.999;116.564;45.000;11.058;4300.000;5937.000;60.200;18.320;0.100;43.400;2673.700;0.200;32.000;1289.000
80;24-02-202310:31:14;56.000;54.000;13.000;6388.465;1927.000;7500.999;115.010;44.000;8.960;4299.999;5939.000;60.100;17.775;0.100;43.400;2673.700;0.200;32.000;1286.000
80;24-02-202310:31:15;56.000;51.000;12.000;6388.465;1927.000;7500.999;115.506;44.000;12.340;4299.999;5937.000;60.100;17.099;0.100;43.400;2673.700;0.200;32.000;1268.000
80;24-02-202310:31:16;55.000;52.000;12.000;6388.465;1927.000;7500.999;114.837;45.000;10.156;4299.999;5936.000;60.100;18.174;0.100;43.400;2673.700;0.200;32.000;1263.000
80;24-02-202310:31:17;56.000;55.000;13.000;6388.465;1927.000;7500.999;117.011;45.000;11.077;4299.999;5938.000;60.100;19.174;0.100;43.400;2673.700;0.200;32.000;1255.000
80;24-02-202310:31:18;56.000;58.000;13.000;6388.465;1927.000;7500.999;116.884;45.000;13.802;4299.999;5939.000;60.100;18.319;0.100;43.400;2673.700;0.200;32.000;1251.000
80;24-02-202310:31:19;56.000;54.000;13.000;6388.465;1927.000;7500.999;115.576;45.000;13.878;4299.999;5942.000;60.200;18.267;0.100;43.400;2673.700;0.200;31.000;1251.000
80;24-02-202310:31:20;53.000;52.000;13.000;6388.465;1927.000;7500.999;115.589;50.000;12.665;4299.999;5945.000;60.200;18.669;0.100;43.400;2673.700;0.200;31.000;1249.000
80;24-02-202310:31:21;55.000;55.000;13.000;6388.465;1927.000;7500.999;117.318;45.000;12.500;4299.999;5942.000;56.300;99.039;0.100;43.400;2673.700;0.200;31.000;1248.000
80;24-02-202310:31:22;56.000;56.000;13.000;6388.465;1927.000;7500.999;117.487;44.000;11.571;4299.999;5938.000;60.100;17.553;0.100;43.400;2673.700;0.200;31.000;1249.000
80;24-02-202310:31:23;53.000;27.000;7.000;6388.465;1927.000;7500.999;85.202;54.000;20.833;4299.998;5959.000;31.800;51.352;0.100;43.400;2673.700;0.200;31.000;1252.000
80;24-02-202310:31:24;53.000;24.000;7.000;6388.465;1927.000;7500.999;85.451;53.000;24.045;4299.998;5984.000;22.700;138.971;0.100;43.400;2673.700;0.200;31.000;1250.000
80;24-02-202310:31:25;50.000;38.000;7.000;6388.465;1365.000;7500.999;57.628;52.000;23.874;4300.000;5986.000;26.300;41.018;0.100;43.400;2673.700;0.200;31.000;1253.000
80;24-02-202310:31:26;50.000;35.000;6.000;6388.465;1297.000;7500.999;51.789;53.000;24.479;4299.999;5993.000;26.200;44.656;0.100;43.400;2673.700;0.200;31.000;1254.000
80;24-02-202310:31:27;49.000;40.000;7.000;6388.465;1267.000;7500.999;53.687;53.000;22.722;4299.999;5995.000;25.400;42.637;0.100;43.400;2673.700;0.200;30.000;1246.000
80;24-02-202310:31:28;49.000;34.000;7.000;6388.465;1350.000;7500.999;56.696;53.000;22.593;4299.999;5997.000;26.300;41.478;0.100;43.400;2673.700;0.200;30.000;1237.000
80;24-02-202310:31:29;49.000;34.000;7.000;6388.465;1350.000;7500.999;56.719;54.000;21.134;4299.999;5997.000;26.400;41.055;0.100;43.400;2673.700;0.200;30.000;1228.000
80;24-02-202310:31:30;47.000;4.000;2.000;6388.465;975.000;5000.996;34.619;49.000;20.798;4299.999;6042.000;7.900;508.347;0.100;43.400;2673.700;0.200;30.000;1227.000
80;24-02-202310:31:31;46.000;10.000;11.000;6388.465;652.000;810.000;29.665;49.000;21.354;4299.999;6069.000;4.900;201.126;0.100;43.400;2673.700;0.200;30.000;1226.000
80;24-02-202310:31:32;46.000;12.000;12.000;6388.465;502.000;810.000;29.441;47.000;23.177;4299.999;6161.000;0.000;0.000;0.100;43.400;2673.700;0.200;30.000;1225.000
80;24-02-202310:31:33;45.000;13.000;12.000;6388.465;345.000;810.000;29.364;47.000;22.656;4299.999;6185.000;0.000;0.000;0.100;43.400;2673.700;0.200;30.000;1226.000
80;24-02-202310:31:34;45.000;26.000;24.000;6388.465;292.000;405.000;27.948;47.000;20.833;4299.999;6211.000;0.000;0.000;0.100;43.400;2673.700;0.200;30.000;1224.000
80;24-02-202310:31:35;45.000;29.000;25.000;6388.465;262.000;405.000;28.065;47.000;22.656;4299.999;6308.000;0.000;0.000;0.100;43.400;2673.700;0.200;30.000;1222.000
80;24-02-202310:31:36;52.000;52.000;13.000;6388.465;1942.000;7500.999;108.248;50.000;26.427;4299.999;6375.000;6.800;5054.435;0.100;43.400;2673.700;0.200;30.000;1227.000
80;24-02-202310:31:37;53.000;58.000;14.000;6388.465;1942.000;7500.999;117.355;46.000;27.604;4299.999;6363.000;57.000;73.928;0.100;43.400;2673.700;0.200;30.000;1219.000
80;24-02-202310:31:38;53.000;58.000;14.000;6388.465;1942.000;7500.999;112.976;49.000;25.412;4299.999;6399.000;60.000;27.008;0.100;43.400;2673.700;0.200;30.000;1217.000
80;24-02-202310:31:39;51.000;55.000;13.000;6388.465;1942.000;7500.999;55.029;53.000;24.574;4299.999;6505.000;60.200;22.698;0.100;43.400;2673.700;0.200;30.000;1209.000
80;24-02-202310:31:40;48.000;2.000;1.000;6496.715;1942.000;7500.999;54.327;51.000;33.854;4299.999;7065.000;60.200;0.000;0.100;43.400;2673.700;0.200;30.000;1211.000
80;24-02-202310:31:41;46.000;4.000;2.000;6604.965;1057.000;5000.996;35.131;52.000;27.206;4299.999;7656.000;1.200;1538.612;0.100;43.400;2673.700;0.200;30.000;1214.000
80;24-02-202310:31:42;45.000;5.000;2.000;6604.965;705.000;5000.996;34.158;50.000;16.406;4299.999;7646.000;1.200;0.000;0.100;43.400;2673.700;0.200;30.000;1215.000
80;24-02-202310:31:43;45.000;12.000;12.000;6604.965;502.000;810.000;29.014;47.000;19.271;4299.999;7705.000;0.000;0.000;0.100;43.400;2673.700;0.200;30.000;1218.000
80;24-02-202310:31:44;45.000;99.000;62.000;6604.965;1770.000;7500.999;38.536;46.000;18.229;4299.999;7661.000;3.300;3004.150;0.100;43.300;2673.700;0.200;30.000;1227.000
80;24-02-202310:31:45;53.000;56.000;14.000;6604.965;1942.000;7500.999;115.510;44.000;12.136;4299.999;6891.000;56.800;41.204;0.100;43.300;2673.700;0.200;30.000;1223.000
80;24-02-202310:31:46;49.000;15.000;4.000;6604.965;1942.000;7500.999;84.768;55.000;15.160;4299.999;6921.000;50.200;190.778;0.100;43.300;2673.700;0.200;30.000;1221.000
80;24-02-202310:31:47;47.000;2.000;1.000;6604.965;1942.000;7500.999;54.209;61.000;19.281;4299.999;6949.000;50.200;0.000;0.100;43.300;2673.700;0.200;30.000;1213.000
80;24-02-202310:31:48;46.000;69.000;11.000;6891.465;1065.000;5000.996;50.731;45.000;25.925;4299.999;6986.000;2.400;1919.359;0.100;43.300;2673.700;0.200;30.000;1215.000
80;24-02-202310:31:49;49.000;2.000;1.000;6891.465;1935.000;7500.999;54.942;56.000;18.752;4299.999;6955.000;17.200;32.297;0.100;43.300;2673.700;0.200;30.000;1218.000
80;24-02-202310:31:50;55.000;80.000;29.000;6891.465;1927.000;7500.999;139.063;45.000;29.167;4299.999;6982.000;41.200;232.349;0.100;43.300;2673.700;0.200;30.000;1218.000
80;24-02-202310:31:51;55.000;80.000;30.000;6891.465;1935.000;7500.999;147.094;46.000;19.792;4299.998;6963.000;57.300;72.540;0.100;43.300;2673.700;0.200;30.000;1214.000
80;24-02-202310:31:52;50.000;15.000;6.000;6891.465;1935.000;7500.999;54.927;49.000;24.387;4299.998;6975.000;59.800;31.724;0.100;43.300;2673.700;0.200;30.000;1212.000
80;24-02-202310:31:53;50.000;48.000;18.000;6891.465;1935.000;7500.999;67.873;52.000;20.605;4300.000;6977.000;24.000;251.436;0.100;43.300;2673.700;0.200;30.000;1212.000
80;24-02-202310:31:54;49.000;2.000;1.000;6891.465;1935.000;7500.999;54.685;52.000;27.865;4300.000;7000.000;28.400;256.735;0.100;43.300;2673.700;0.200;30.000;1214.000
80;24-02-202310:31:55;52.000;18.000;7.000;6891.465;1935.000;7500.999;86.033;46.000;27.083;4299.999;6891.000;21.200;236.842;0.100;43.300;2673.700;0.200;30.000;1216.000
80;24-02-202310:31:56;53.000;69.000;26.000;6891.465;1935.000;7500.999;126.865;53.000;25.260;4299.999;6874.000;49.800;34.819;0.100;43.300;2673.700;0.200;30.000;1214.000
80;24-02-202310:31:57;49.000;2.000;1.000;6891.465;1935.000;7500.999;54.630;53.000;26.302;4299.998;6912.000;52.600;98.783;0.100;43.300;2673.700;0.200;30.000;1214.000
80;24-02-202310:31:58;54.000;81.000;31.000;6891.465;1935.000;7500.999;142.712;45.000;30.729;4299.998;6934.000;35.900;313.491;0.100;43.300;2673.700;0.200;30.000;1212.000
80;24-02-202310:31:59;48.000;2.000;1.000;6891.465;1927.000;7500.999;53.834;52.000;36.198;4300.000;6987.000;41.600;80.206;0.100;43.300;2673.700;0.200;30.000;1214.000
80;24-02-202310:32:00;47.000;2.000;1.000;6891.465;615.000;5000.996;53.634;49.000;29.257;4299.999;6982.000;0.900;1024.170;0.100;43.300;2673.700;0.200;30.000;1217.000
80;24-02-202310:32:01;46.000;82.000;16.000;7147.465;1372.000;7500.999;50.871;45.000;22.396;4299.999;6982.000;4.900;942.213;0.100;43.300;2673.700;0.200;30.000;1220.000
80;24-02-202310:32:02;55.000;78.000;29.000;7147.465;1935.000;7500.999;147.658;45.000;19.811;4299.998;6982.000;60.000;29.398;0.100;43.300;2673.700;0.200;30.000;1220.000
80;24-02-202310:32:03;55.000;81.000;30.000;7147.465;1935.000;7500.999;144.976;45.000;16.927;4299.998;6982.000;60.100;18.006;0.100;43.300;2673.700;0.200;30.000;1214.000
80;24-02-202310:32:04;56.000;79.000;30.000;7147.465;1935.000;7500.999;145.245;45.000;12.760;4299.999;6980.000;60.100;17.632;0.100;43.300;2673.700;0.200;30.000;1211.000
80;24-02-202310:32:05;56.000;78.000;29.000;7147.465;1935.000;7500.999;144.209;44.000;20.833;4300.001;6982.000;60.100;17.854;0.100;43.300;2673.700;0.200;30.000;1209.000
80;24-02-202310:32:06;56.000;90.000;27.000;7147.465;1935.000;7500.999;160.213;46.000;23.438;4299.998;7031.000;52.400;104.082;0.100;43.300;2673.700;0.200;30.000;1209.000
80;24-02-202310:32:07;57.000;99.000;31.000;7147.465;1927.000;7500.999;159.149;45.000;30.026;4299.998;7012.000;51.700;22.720;0.100;43.300;2673.700;0.200;30.000;1208.000
80;24-02-202310:32:08;58.000;99.000;31.000;7147.465;1927.000;7500.999;159.782;48.000;23.438;4300.000;7017.000;51.900;20.036;0.100;43.300;2673.700;0.200;30.000;1206.000
80;24-02-202310:32:09;58.000;99.000;31.000;7147.465;1927.000;7500.999;159.482;48.000;24.479;4299.999;7012.000;52.000;20.250;0.100;43.300;2673.700;0.200;30.000;1209.000
80;24-02-202310:32:10;58.000;99.000;36.000;7147.465;1920.000;7500.999;165.594;46.000;22.457;4299.999;7034.000;51.300;77.553;0.100;43.300;2673.700;0.200;30.000;1209.000
80;24-02-202310:32:11;58.000;99.000;37.000;7147.465;1920.000;7500.999;166.941;46.000;21.354;4299.999;7016.000;54.600;18.851;0.100;43.300;2673.700;0.200;30.000;1209.000
80;24-02-202310:32:12;59.000;99.000;37.000;7147.465;1927.000;7500.999;161.348;48.000;23.958;4299.999;7161.000;54.200;20.466;0.100;43.300;2673.700;0.200;30.000;1207.000
80;24-02-202310:32:13;59.000;99.000;37.000;7147.465;1927.000;7500.999;163.522;51.000;36.458;4299.999;7316.000;52.300;20.442;0.100;43.300;2673.700;0.200;30.000;1205.000
80;24-02-202310:32:14;59.000;99.000;37.000;7147.465;1927.000;7500.999;163.148;54.000;35.938;4299.999;7465.000;52.300;20.379;0.100;43.300;2673.700;0.200;30.000;1206.000
80;24-02-202310:32:15;59.000;99.000;36.000;7147.465;1927.000;7500.999;163.452;50.000;39.253;4299.999;7590.000;52.400;20.280;0.100;43.300;2673.700;0.200;30.000;1206.000
80;24-02-202310:32:16;59.000;99.000;37.000;7147.465;1920.000;7500.999;162.462;56.000;35.938;4299.999;7729.000;52.300;19.988;0.100;43.300;2673.700;0.200;30.000;1205.000
80;24-02-202310:32:17;59.000;99.000;36.000;7147.465;1927.000;7500.999;163.233;47.000;34.631;4299.999;7832.000;52.600;20.799;0.100;43.300;2673.700;0.200;30.000;1202.000
80;24-02-202310:32:18;59.000;99.000;33.000;7147.465;1927.000;7500.999;159.221;50.000;39.583;4299.999;7876.000;48.100;91.622;0.100;43.300;2673.700;0.200;30.000;1206.000
80;24-02-202310:32:19;59.000;99.000;33.000;7147.465;1927.000;7500.999;159.961;49.000;35.156;4299.998;7875.000;51.900;20.583;0.100;43.300;2673.700;0.200;30.000;1203.000
80;24-02-202310:32:20;59.000;99.000;33.000;7147.465;1927.000;7500.999;159.945;50.000;34.115;4299.998;7956.000;52.100;20.496;0.100;43.300;2673.700;0.200;30.000;1206.000
80;24-02-202310:32:21;59.000;99.000;34.000;7147.465;1927.000;7500.999;160.415;53.000;38.021;4300.000;7955.000;52.200;20.648;0.100;43.300;2673.700;0.200;30.000;1205.000
80;24-02-202310:32:22;59.000;99.000;34.000;7147.465;1927.000;7500.999;160.087;51.000;36.946;4300.000;7934.000;52.200;20.419;0.100;43.300;2673.700;0.200;30.000;1203.000
80;24-02-202310:32:23;59.000;99.000;34.000;7147.465;1927.000;7500.999;158.780;51.000;38.802;4299.999;7935.000;52.100;20.445;0.100;43.300;2673.700;0.200;30.000;1205.000
80;24-02-202310:32:24;60.000;99.000;34.000;7147.465;1927.000;7500.999;158.872;51.000;38.802;4299.999;8015.000;51.900;20.832;0.100;43.300;2673.700;0.200;30.000;1202.000
80;24-02-202310:32:25;60.000;99.000;34.000;7147.465;1927.000;7500.999;159.575;48.000;36.748;4299.999;8004.000;51.800;20.693;0.100;43.300;2673.700;0.200;30.000;1202.000
80;24-02-202310:32:26;60.000;99.000;34.000;7147.465;1927.000;7500.999;158.580;54.000;42.585;4299.999;8003.000;51.800;20.542;0.100;43.300;2673.700;0.200;30.000;1204.000
80;24-02-202310:32:27;60.000;99.000;33.000;7147.465;1927.000;7500.999;159.251;49.000;34.896;4299.999;8026.000;51.800;20.705;0.100;43.300;2673.700;0.200;30.000;1204.000
80;24-02-202310:32:28;60.000;99.000;34.000;7147.465;1927.000;7500.999;159.812;53.000;37.760;4299.999;8073.000;51.800;20.717;0.100;43.300;2673.700;0.200;30.000;1201.000
80;24-02-202310:32:29;60.000;99.000;34.000;7147.465;1927.000;7500.999;159.288;53.000;35.152;4300.000;8065.000;51.900;20.664;0.100;43.300;2673.700;0.200;30.000;1201.000
80;24-02-202310:32:30;60.000;99.000;33.000;7147.465;1927.000;7500.999;159.079;50.000;39.660;4299.998;8053.000;52.000;20.113;0.100;43.300;2673.700;0.200;30.000;1202.000
80;24-02-202310:32:31;60.000;99.000;34.000;7147.465;1927.000;7500.999;160.735;52.000;31.771;4299.998;8115.000;52.100;20.363;0.100;43.300;2673.700;0.200;30.000;1203.000
80;24-02-202310:32:32;60.000;99.000;33.000;7147.465;1927.000;7500.999;160.073;55.000;36.198;4299.999;8117.000;52.100;20.581;0.100;43.300;2673.700;0.200;30.000;1202.000
80;24-02-202310:32:33;61.000;99.000;33.000;7147.465;1927.000;7500.999;159.980;54.000;32.813;4300.001;8090.000;52.000;20.428;0.100;43.400;2673.700;0.200;30.000;1205.000
80;24-02-202310:32:34;60.000;99.000;33.000;7147.465;1927.000;7500.999;159.916;53.000;37.760;4299.999;8082.000;52.000;20.361;0.100;43.400;2673.700;0.200;30.000;1204.000
80;24-02-202310:32:35;61.000;99.000;33.000;7147.465;1927.000;7500.999;160.111;54.000;33.871;4299.999;8159.000;52.000;20.243;0.100;43.400;2673.700;0.200;30.000;1199.000
80;24-02-202310:32:36;61.000;99.000;33.000;7147.465;1927.000;7500.999;159.401;50.000;37.542;4299.999;8127.000;52.100;20.944;0.100;43.400;2673.700;0.200;30.000;1205.000
80;24-02-202310:32:37;61.000;99.000;34.000;7147.465;1927.000;7500.999;159.207;52.000;37.240;4299.999;8110.000;52.000;20.125;0.100;43.400;2673.700;0.200;30.000;1205.000
80;24-02-202310:32:38;61.000;99.000;34.000;7147.465;1927.000;7500.999;159.768;56.000;39.583;4299.999;8066.000;52.100;20.328;0.100;43.400;2673.700;0.200;30.000;1206.000
80;24-02-202310:32:39;61.000;99.000;34.000;7147.465;1927.000;7500.999;163.185;49.000;36.177;4300.000;8142.000;52.200;20.508;0.100;43.400;2673.700;0.200;30.000;1203.000
80;24-02-202310:32:40;61.000;99.000;34.000;7147.465;1927.000;7500.999;160.908;49.000;40.189;4300.000;8104.000;52.100;21.161;0.100;43.400;2673.700;0.200;30.000;1202.000
80;24-02-202310:32:41;61.000;99.000;34.000;7147.465;1927.000;7500.999;161.203;49.000;38.542;4299.999;8061.000;52.400;20.669;0.100;43.400;2673.700;0.200;30.000;1205.000
80;24-02-202310:32:42;61.000;99.000;34.000;7147.465;1927.000;7500.999;163.070;51.000;39.510;4299.999;8023.000;52.400;20.193;0.100;43.400;2673.700;0.200;30.000;1206.000
80;24-02-202310:32:43;61.000;99.000;34.000;7147.465;1927.000;7500.999;161.433;50.000;36.219;4299.999;8100.000;52.300;20.376;0.100;43.400;2673.700;0.200;30.000;1207.000
80;24-02-202310:32:44;61.000;99.000;34.000;7147.465;1927.000;7500.999;161.016;49.000;36.719;4299.999;8077.000;52.200;20.361;0.100;43.400;2673.700;0.200;30.000;1207.000
80;24-02-202310:32:45;62.000;99.000;34.000;7147.465;1927.000;7500.999;162.462;59.000;42.842;4299.999;8040.000;52.000;20.583;0.100;43.400;2673.700;0.200;30.000;1208.000
80;24-02-202310:32:46;62.000;99.000;35.000;7147.465;1912.000;7500.999;164.028;54.000;39.924;4299.999;8073.000;52.100;20.744;0.100;43.400;2673.700;0.200;30.000;1204.000
80;24-02-202310:32:47;62.000;99.000;35.000;7147.465;1920.000;7500.999;166.784;53.000;35.156;4299.999;8170.000;52.300;20.301;0.100;43.400;2673.700;0.200;30.000;1206.000
80;24-02-202310:32:48;62.000;99.000;36.000;7147.465;1912.000;7500.999;165.181;50.000;43.611;4299.999;8203.000;52.700;20.541;0.100;43.400;2673.700;0.200;30.000;1203.000
80;24-02-202310:32:49;62.000;99.000;36.000;7147.465;1912.000;7500.999;166.285;49.000;36.484;4299.999;8229.000;53.200;19.897;0.100;43.400;2673.700;0.200;30.000;1203.000
80;24-02-202310:32:50;62.000;99.000;36.000;7147.465;1905.000;7500.999;164.866;54.000;35.938;4299.999;8385.000;53.200;19.976;0.100;43.400;2673.700;0.200;30.000;1202.000
80;24-02-202310:32:51;62.000;99.000;36.000;7147.465;1905.000;7500.999;165.357;52.000;37.972;4299.999;8408.000;52.500;20.456;0.100;43.400;2673.700;0.200;30.000;1202.000
80;24-02-202310:32:52;62.000;99.000;35.000;7147.465;1912.000;7500.999;165.083;50.000;38.802;4299.999;8415.000;51.500;20.862;0.100;43.400;2673.700;0.200;30.000;1202.000
80;24-02-202310:32:53;62.000;99.000;36.000;7147.465;1912.000;7500.999;164.518;52.000;36.979;4299.998;8418.000;50.300;22.822;0.100;43.400;2673.700;0.200;31.000;1205.000
80;24-02-202310:32:54;62.000;99.000;37.000;7147.465;1905.000;7500.999;166.086;51.000;39.130;4299.998;8577.000;49.100;21.832;0.100;43.400;2673.700;0.200;31.000;1203.000
80;24-02-202310:32:55;62.000;99.000;35.000;7147.465;1912.000;7500.999;163.592;50.000;39.063;4300.000;8583.000;49.100;21.938;0.100;43.400;2673.700;0.200;31.000;1202.000
80;24-02-202310:32:56;62.000;99.000;34.000;7147.465;1912.000;7500.999;162.170;51.000;43.098;4300.000;8579.000;49.100;21.772;0.100;43.400;2673.700;0.200;32.000;1210.000
80;24-02-202310:32:57;62.000;99.000;35.000;7147.465;1912.000;7500.999;163.036;50.000;37.760;4300.000;8557.000;50.400;20.963;0.100;43.400;2673.700;0.200;32.000;1220.000
80;24-02-202310:32:58;62.000;99.000;34.000;7147.465;1912.000;7500.999;163.751;49.000;37.542;4299.999;8705.000;51.200;20.760;0.100;43.400;2673.700;0.200;32.000;1232.000
80;24-02-202310:32:59;62.000;99.000;35.000;7147.465;1912.000;7500.999;162.868;51.000;36.979;4299.999;8681.000;51.900;20.403;0.100;43.400;2673.700;0.200;32.000;1244.000
80;24-02-202310:33:00;63.000;99.000;36.000;7147.465;1912.000;7500.999;165.150;51.000;43.490;4299.999;8663.000;52.600;20.764;0.100;43.400;2673.700;0.200;33.000;1262.000
80;24-02-202310:33:01;62.000;99.000;36.000;7147.465;1912.000;7500.999;165.549;52.000;38.997;4299.999;8739.000;51.600;52.025;0.100;43.400;2673.700;0.200;33.000;1272.000
80;24-02-202310:33:02;63.000;99.000;34.000;7147.465;1912.000;7500.999;164.137;50.000;38.072;4299.999;8801.000;52.300;20.707;0.100;43.400;2673.700;0.200;33.000;1278.000
80;24-02-202310:33:03;63.000;99.000;35.000;7147.465;1912.000;7500.999;164.752;55.000;39.766;4300.000;8764.000;51.500;20.712;0.100;43.400;2673.700;0.200;33.000;1278.000
80;24-02-202310:33:04;63.000;99.000;35.000;7147.465;1912.000;7500.999;163.758;50.000;43.490;4300.000;8731.000;52.300;20.642;0.100;43.400;2673.700;0.200;33.000;1285.000
80;24-02-202310:33:05;63.000;99.000;34.000;7147.465;1912.000;7500.999;162.974;50.000;39.924;4299.999;8886.000;51.800;22.810;0.100;43.400;2673.700;0.200;34.000;1304.000
80;24-02-202310:33:06;63.000;99.000;35.000;7147.465;1912.000;7500.999;165.365;52.000;41.146;4299.999;8835.000;50.900;21.333;0.100;43.400;2673.700;0.200;34.000;1314.000
80;24-02-202310:33:07;63.000;99.000;36.000;7147.465;1912.000;7500.999;165.454;51.000;38.021;4299.999;8777.000;49.300;21.868;0.100;43.400;2673.700;0.200;34.000;1316.000
80;24-02-202310:33:08;63.000;99.000;36.000;7147.465;1905.000;7500.999;166.533;51.000;35.156;4300.000;8720.000;48.000;22.332;0.100;43.400;2673.700;0.200;34.000;1316.000
80;24-02-202310:33:09;63.000;99.000;35.000;7147.465;1905.000;7500.999;166.580;50.000;41.406;4299.999;8887.000;47.900;22.205;0.100;43.400;2673.700;0.200;34.000;1320.000
80;24-02-202310:33:10;63.000;99.000;35.000;7147.465;1905.000;7500.999;163.118;52.000;46.430;4299.999;8819.000;48.100;22.385;0.100;43.400;2673.700;0.200;35.000;1328.000
80;24-02-202310:33:11;63.000;99.000;35.000;7147.465;1912.000;7500.999;165.290;53.000;44.271;4299.999;8760.000;48.300;21.890;0.100;43.400;2673.700;0.200;35.000;1342.000
80;24-02-202310:33:12;63.000;99.000;35.000;7147.465;1912.000;7500.999;163.242;49.000;46.354;4299.998;8735.000;47.600;22.585;0.100;43.400;2673.700;0.200;35.000;1349.000
80;24-02-202310:33:13;63.000;99.000;34.000;7147.465;1897.000;7500.999;166.217;49.000;38.866;4300.000;8853.000;48.600;22.029;0.100;43.400;2673.700;0.200;35.000;1350.000
80;24-02-202310:33:14;63.000;99.000;34.000;7147.465;1905.000;7500.999;164.690;50.000;42.708;4300.000;8803.000;49.000;22.210;0.100;43.400;2673.700;0.200;35.000;1354.000
80;24-02-202310:33:15;63.000;99.000;34.000;7147.465;1912.000;7500.999;165.012;53.000;40.365;4299.999;8745.000;49.800;21.405;0.100;43.400;2673.700;0.200;35.000;1348.000
80;24-02-202310:33:16;63.000;99.000;34.000;7147.465;1912.000;7500.999;165.031;50.000;41.406;4299.999;8837.000;50.000;21.304;0.100;43.400;2673.700;0.200;35.000;1357.000
80;24-02-202310:33:17;63.000;99.000;34.000;7147.465;1912.000;7500.999;163.707;51.000;42.329;4299.999;8844.000;50.100;21.269;0.100;43.400;2673.700;0.200;36.000;1371.000
80;24-02-202310:33:18;63.000;99.000;34.000;7147.465;1912.000;7500.999;163.664;51.000;46.276;4299.999;8778.000;50.700;21.175;0.100;43.400;2673.700;0.200;36.000;1375.000
80;24-02-202310:33:19;63.000;99.000;34.000;7147.465;1912.000;7500.999;162.589;53.000;41.927;4299.999;8720.000;50.300;21.094;0.100;43.400;2673.700;0.200;36.000;1386.000
80;24-02-202310:33:20;63.000;99.000;35.000;7147.465;1912.000;7500.999;163.157;52.000;41.047;4299.999;8877.000;51.300;20.752;0.100;43.400;2673.700;0.200;36.000;1385.000
80;24-02-202310:33:21;63.000;99.000;35.000;7147.465;1912.000;7500.999;163.549;48.000;37.807;4299.999;8867.000;51.400;21.281;0.100;43.400;2673.700;0.200;36.000;1390.000
80;24-02-202310:33:22;63.000;99.000;36.000;7147.465;1905.000;7500.999;164.196;52.000;46.875;4299.999;8767.000;51.600;20.491;0.100;43.400;2673.700;0.200;36.000;1392.000
80;24-02-202310:33:23;63.000;99.000;35.000;7147.465;1912.000;7500.999;163.420;54.000;43.354;4299.999;8823.000;51.300;20.876;0.100;43.400;2673.700;0.200;36.000;1392.000
80;24-02-202310:33:24;63.000;99.000;35.000;7147.465;1912.000;7500.999;163.004;51.000;42.041;4300.000;8901.000;51.300;21.058;0.100;43.400;2673.700;0.200;36.000;1392.000
80;24-02-202310:33:25;63.000;99.000;35.000;7147.465;1912.000;7500.999;163.464;52.000;40.885;4300.000;8786.000;51.300;21.168;0.100;43.400;2673.700;0.200;36.000;1395.000
80;24-02-202310:33:26;63.000;99.000;34.000;7147.465;1912.000;7500.999;162.173;52.000;44.380;4299.999;8758.000;51.800;20.544;0.100;43.400;2673.700;0.200;36.000;1393.000
80;24-02-202310:33:27;63.000;99.000;34.000;7147.465;1912.000;7500.999;162.383;52.000;44.531;4299.999;8832.000;51.400;20.873;0.100;43.400;2673.700;0.200;36.000;1390.000
80;24-02-202310:33:28;63.000;99.000;34.000;7147.465;1912.000;7500.999;162.124;51.000;43.750;4299.999;8858.000;51.200;20.990;0.100;43.400;2673.700;0.200;36.000;1391.000
80;24-02-202310:33:29;63.000;99.000;35.000;7147.465;1912.000;7500.999;164.203;49.000;38.601;4299.999;8723.000;51.200;21.278;0.100;43.400;2673.700;0.200;36.000;1403.000
80;24-02-202310:33:30;63.000;99.000;35.000;7147.465;1912.000;7500.999;165.057;52.000;44.271;4300.000;8710.000;51.400;21.056;0.100;43.400;2673.700;0.200;37.000;1416.000
80;24-02-202310:33:31;63.000;99.000;35.000;7147.465;1912.000;7500.999;163.479;57.000;39.510;4300.000;8837.000;50.600;21.224;0.100;43.400;2673.700;0.200;37.000;1417.000
80;24-02-202310:33:32;63.000;99.000;35.000;7147.465;1912.000;7500.999;163.905;48.000;43.894;4299.999;8819.000;49.500;21.383;0.100;43.400;2673.700;0.200;37.000;1427.000
80;24-02-202310:33:33;63.000;99.000;34.000;7147.465;1912.000;7500.999;164.021;52.000;46.094;4299.998;8729.000;49.200;22.166;0.100;43.500;2673.700;0.200;37.000;1410.000
80;24-02-202310:33:34;63.000;99.000;34.000;7147.465;1905.000;7500.999;163.314;55.000;44.531;4299.998;8755.000;49.400;21.561;0.100;43.500;2673.700;0.200;37.000;1421.000
80;24-02-202310:33:35;63.000;99.000;34.000;7147.465;1912.000;7500.999;163.668;52.000;47.968;4300.000;8870.000;49.500;21.520;0.100;43.500;2673.700;0.200;37.000;1422.000
80;24-02-202310:33:36;63.000;99.000;34.000;7147.465;1912.000;7500.999;163.482;50.000;42.708;4300.000;8825.000;49.900;21.737;0.100;43.500;2673.700;0.200;37.000;1423.000
80;24-02-202310:33:37;63.000;99.000;34.000;7147.465;1912.000;7500.999;163.542;51.000;43.365;4299.999;8761.000;50.600;20.894;0.100;43.500;2673.700;0.200;37.000;1430.000
80;24-02-202310:33:38;63.000;99.000;34.000;7147.465;1912.000;7500.999;163.232;55.000;48.438;4299.999;8785.000;50.600;21.510;0.100;43.500;2673.700;0.200;37.000;1429.000
80;24-02-202310:33:39;63.000;99.000;36.000;7147.465;1905.000;7500.999;163.865;53.000;40.535;4299.999;8862.000;51.400;20.774;0.100;43.500;2673.700;0.200;37.000;1428.000
80;24-02-202310:33:40;63.000;99.000;35.000;7147.465;1912.000;7500.999;163.817;52.000;48.177;4299.999;8759.000;51.700;20.773;0.100;43.500;2673.700;0.200;37.000;1429.000
80;24-02-202310:33:41;63.000;99.000;34.000;7147.465;1912.000;7500.999;164.899;52.000;45.217;4300.000;8670.000;50.400;21.393;0.100;43.500;2673.700;0.200;37.000;1424.000
80;24-02-202310:33:42;63.000;99.000;35.000;7147.465;1912.000;7500.999;165.631;52.000;46.875;4300.000;8752.000;49.400;21.988;0.100;43.500;2673.700;0.200;37.000;1425.000
80;24-02-202310:33:43;63.000;99.000;34.000;7147.465;1905.000;7500.999;165.490;56.000;43.354;4299.999;8805.000;47.700;22.811;0.100;43.500;2673.700;0.200;37.000;1424.000
80;24-02-202310:33:44;63.000;99.000;34.000;7147.465;1905.000;7500.999;164.572;54.000;48.393;4299.999;8806.000;45.900;23.147;0.100;43.500;2673.700;0.200;37.000;1427.000
80;24-02-202310:33:45;63.000;99.000;35.000;7148.902;1912.000;7500.999;163.724;52.000;44.010;4299.999;8788.000;44.800;23.778;0.100;43.500;2673.700;0.200;37.000;1424.000
80;24-02-202310:33:46;63.000;99.000;34.000;7148.902;1905.000;7500.999;162.913;56.000;44.892;4299.999;8814.000;44.300;24.206;0.100;43.500;2673.700;0.200;37.000;1425.000
80;24-02-202310:33:47;63.000;99.000;34.000;7148.902;1912.000;7500.999;163.549;50.000;46.805;4299.998;8801.000;45.400;23.376;0.100;43.500;2673.700;0.200;37.000;1429.000
80;24-02-202310:33:48;63.000;99.000;33.000;7148.902;1912.000;7500.999;164.260;52.000;52.865;4299.998;8746.000;46.100;23.251;0.100;43.500;2673.700;0.200;37.000;1436.000
80;24-02-202310:33:49;63.000;99.000;35.000;7148.902;1912.000;7500.999;163.719;53.000;48.737;4300.000;8744.000;46.600;23.014;0.100;43.500;2673.700;0.200;38.000;1450.000
80;24-02-202310:33:50;63.000;99.000;34.000;7148.902;1912.000;7500.999;163.936;52.000;44.953;4300.000;8882.000;47.300;22.662;0.100;43.500;2673.700;0.200;38.000;1457.000
80;24-02-202310:33:51;63.000;99.000;33.000;7148.902;1912.000;7500.999;163.914;58.000;43.750;4299.999;8779.000;47.300;22.627;0.100;43.500;2673.700;0.200;38.000;1457.000
80;24-02-202310:33:52;63.000;99.000;34.000;7148.902;1912.000;7500.999;163.763;52.000;49.506;4299.999;8736.000;48.100;22.401;0.100;43.500;2673.700;0.200;38.000;1439.000
80;24-02-202310:33:53;63.000;99.000;34.000;7148.902;1912.000;7500.999;162.592;50.000;42.188;4299.999;8773.000;48.700;21.807;0.100;43.500;2673.700;0.200;38.000;1451.000
80;24-02-202310:33:54;63.000;99.000;34.000;7148.902;1912.000;7500.999;163.480;53.000;44.423;4300.000;8709.000;49.600;21.811;0.100;43.500;2673.700;0.200;38.000;1456.000
80;24-02-202310:33:55;63.000;99.000;34.000;7148.902;1912.000;7500.999;163.651;53.000;42.708;4300.000;8715.000;49.700;21.356;0.100;43.500;2673.700;0.200;38.000;1461.000
80;24-02-202310:33:56;63.000;99.000;34.000;7148.902;1912.000;7500.999;163.277;55.000;45.405;4299.999;8715.000;49.500;21.734;0.100;43.500;2673.700;0.200;38.000;1452.000
80;24-02-202310:33:57;63.000;99.000;34.000;7148.902;1912.000;7500.999;162.627;53.000;43.750;4299.999;8796.000;49.200;21.787;0.100;43.500;2673.700;0.200;38.000;1453.000
80;24-02-202310:33:58;63.000;99.000;33.000;7148.902;1912.000;7500.999;162.348;51.000;47.070;4299.999;8764.000;49.200;21.686;0.100;43.500;2673.700;0.200;38.000;1458.000
80;24-02-202310:33:59;63.000;99.000;34.000;7148.902;1912.000;7500.999;163.814;50.000;43.750;4299.999;8754.000;50.100;21.027;0.100;43.500;2673.700;0.200;38.000;1456.000
80;24-02-202310:34:00;63.000;99.000;33.000;7148.902;1912.000;7500.999;161.973;52.000;46.094;4299.999;8706.000;49.600;21.712;0.100;43.500;2673.700;0.200;38.000;1462.000
80;24-02-202310:34:01;63.000;99.000;33.000;7148.902;1912.000;7500.999;162.282;52.000;43.611;4300.000;8789.000;48.000;54.018;0.100;43.500;2673.700;0.200;38.000;1460.000
80;24-02-202310:34:02;63.000;99.000;33.000;7148.902;1912.000;7500.999;161.775;51.000;40.189;4299.999;8758.000;48.900;21.778;0.100;43.500;2673.700;0.200;38.000;1460.000
80;24-02-202310:34:03;63.000;99.000;33.000;7148.902;1912.000;7500.999;162.819;55.000;46.615;4299.999;8708.000;49.000;22.352;0.100;43.500;2673.700;0.200;38.000;1461.000
80;24-02-202310:34:04;63.000;99.000;33.000;7148.902;1912.000;7500.999;161.678;57.000;44.380;4299.999;8717.000;49.500;22.264;0.100;43.500;2673.700;0.200;38.000;1459.000
80;24-02-202310:34:05;63.000;99.000;34.000;7148.902;1912.000;7500.999;162.856;51.000;40.454;4300.000;8848.000;50.000;21.339;0.100;43.500;2673.700;0.200;38.000;1460.000
80;24-02-202310:34:06;63.000;99.000;34.000;7148.902;1912.000;7500.999;162.154;55.000;48.958;4300.000;8753.000;50.000;21.489;0.100;43.500;2673.700;0.200;38.000;1461.000
80;24-02-202310:34:07;63.000;99.000;34.000;7148.902;1912.000;7500.999;162.390;54.000;46.094;4299.999;8647.000;50.700;21.233;0.100;43.500;2673.700;0.200;38.000;1464.000
80;24-02-202310:34:08;63.000;99.000;34.000;7148.902;1912.000;7500.999;161.933;55.000;47.656;4299.999;8677.000;51.500;20.672;0.100;43.500;2673.700;0.200;38.000;1463.000
80;24-02-202310:34:09;63.000;99.000;34.000;7148.902;1912.000;7500.999;163.870;51.000;47.135;4299.999;8777.000;51.800;20.566;0.100;43.500;2673.700;0.200;38.000;1459.000
80;24-02-202310:34:10;63.000;99.000;34.000;7148.902;1912.000;7500.999;162.830;51.000;43.490;4299.999;8767.000;51.600;20.780;0.100;43.500;2673.700;0.200;38.000;1467.000
80;24-02-202310:34:11;63.000;99.000;34.000;7148.902;1912.000;7500.999;163.996;50.000;46.174;4299.999;8691.000;51.400;20.956;0.100;43.500;2673.700;0.200;38.000;1466.000
80;24-02-202310:34:12;63.000;99.000;34.000;7148.902;1905.000;7500.999;162.332;52.000;46.540;4299.999;8763.000;51.800;20.660;0.100;43.500;2673.700;0.200;38.000;1465.000
80;24-02-202310:34:13;63.000;99.000;35.000;7148.902;1912.000;7500.999;163.131;54.000;40.104;4299.999;8764.000;52.400;20.224;0.100;43.500;2673.700;0.200;38.000;1467.000
80;24-02-202310:34:14;63.000;99.000;35.000;7148.902;1912.000;7500.999;162.935;52.000;48.737;4299.999;8754.000;52.600;20.391;0.100;43.500;2673.700;0.200;38.000;1463.000
80;24-02-202310:34:15;63.000;99.000;35.000;7148.902;1912.000;7500.999;163.476;53.000;47.864;4299.999;8711.000;52.800;20.156;0.100;43.500;2673.700;0.200;38.000;1461.000
80;24-02-202310:34:16;64.000;99.000;35.000;7148.902;1905.000;7500.999;163.813;53.000;44.271;4299.999;8794.000;53.000;20.308;0.100;43.500;2673.700;0.200;38.000;1467.000
80;24-02-202310:34:17;63.000;99.000;35.000;7148.902;1912.000;7500.999;165.362;50.000;45.405;4299.999;8770.000;52.200;20.252;0.100;43.500;2673.700;0.200;38.000;1466.000
80;24-02-202310:34:18;63.000;99.000;34.000;7148.902;1912.000;7500.999;163.330;52.000;46.875;4299.998;8659.000;51.200;20.746;0.100;43.500;2673.700;0.200;38.000;1468.000
80;24-02-202310:34:19;63.000;99.000;34.000;7148.902;1912.000;7500.999;163.172;52.000;42.571;4299.998;8666.000;50.900;20.705;0.100;43.500;2673.700;0.200;38.000;1461.000
80;24-02-202310:34:20;63.000;99.000;34.000;7148.902;1912.000;7500.999;164.106;52.000;47.199;4300.000;8807.000;50.100;20.844;0.100;43.500;2673.700;0.200;39.000;1467.000
80;24-02-202310:34:21;63.000;99.000;34.000;7148.902;1912.000;7500.999;162.191;53.000;43.490;4300.000;8797.000;49.300;22.033;0.100;43.500;2673.700;0.200;39.000;1479.000
80;24-02-202310:34:22;63.000;99.000;33.000;7148.902;1912.000;7500.999;161.297;52.000;44.423;4299.999;8698.000;48.900;21.567;0.100;43.500;2673.700;0.200;39.000;1490.000
80;24-02-202310:34:23;63.000;99.000;33.000;7148.902;1912.000;7500.999;163.406;51.000;45.052;4299.999;8675.000;48.500;22.441;0.100;43.500;2673.700;0.200;39.000;1492.000
80;24-02-202310:34:24;63.000;99.000;33.000;7148.902;1912.000;7500.999;161.448;52.000;47.712;4299.999;8792.000;48.500;22.121;0.100;43.500;2673.700;0.200;39.000;1479.000
80;24-02-202310:34:25;63.000;99.000;33.000;7148.902;1912.000;7500.999;162.065;50.000;42.041;4299.999;8734.000;48.300;21.773;0.100;43.500;2673.700;0.200;39.000;1483.000
80;24-02-202310:34:26;63.000;99.000;33.000;7148.902;1912.000;7500.999;161.178;58.000;46.943;4299.999;8732.000;47.600;22.891;0.100;43.500;2673.700;0.200;39.000;1489.000
80;24-02-202310:34:27;63.000;99.000;33.000;7148.902;1912.000;7500.999;161.330;48.000;41.512;4299.999;8815.000;46.600;22.914;0.100;43.500;2673.700;0.200;39.000;1486.000
80;24-02-202310:34:28;63.000;99.000;33.000;7148.902;1912.000;7500.999;160.967;54.000;42.708;4299.999;8762.000;46.100;23.085;0.100;43.500;2673.700;0.200;39.000;1490.000
80;24-02-202310:34:29;63.000;99.000;33.000;7148.902;1912.000;7500.999;160.986;54.000;41.047;4300.000;8667.000;45.800;23.154;0.100;43.500;2673.700;0.200;39.000;1486.000
80;24-02-202310:34:30;63.000;99.000;33.000;7148.902;1912.000;7500.999;161.681;52.000;43.100;4300.000;8683.000;45.200;23.440;0.100;43.500;2673.700;0.200;39.000;1490.000
80;24-02-202310:34:31;63.000;99.000;33.000;7148.902;1912.000;7500.999;161.783;51.000;41.927;4299.999;8813.000;45.100;23.533;0.100;43.500;2673.700;0.200;39.000;1493.000
80;24-02-202310:34:32;63.000;99.000;33.000;7148.902;1912.000;7500.999;163.713;54.000;39.323;4299.999;8813.000;45.100;23.353;0.100;43.500;2673.700;0.200;39.000;1488.000
80;24-02-202310:34:33;63.000;99.000;33.000;7148.902;1912.000;7500.999;164.104;52.000;42.842;4299.999;8758.000;45.000;24.047;0.100;43.500;2673.700;0.200;39.000;1494.000
80;24-02-202310:34:34;63.000;99.000;33.000;7148.902;1912.000;7500.999;161.175;57.000;47.396;4299.999;8765.000;44.800;23.608;0.100;43.500;2673.700;0.200;39.000;1489.000
80;24-02-202310:34:35;63.000;99.000;33.000;7148.902;1905.000;7500.999;162.094;50.000;41.247;4300.000;8873.000;44.800;23.910;0.100;43.500;2673.700;0.200;39.000;1488.000
80;24-02-202310:34:36;63.000;99.000;33.000;7148.902;1912.000;7500.999;165.114;55.000;45.052;4300.000;8812.000;44.400;24.174;0.100;43.500;2673.700;0.200;39.000;1493.000
80;24-02-202310:34:37;63.000;99.000;33.000;7148.902;1912.000;7500.999;163.249;52.000;42.708;4299.999;8725.000;44.700;23.897;0.100;43.500;2673.700;0.200;39.000;1496.000
80;24-02-202310:34:38;63.000;99.000;32.000;7148.902;1912.000;7500.999;162.991;56.000;40.885;4299.999;8762.000;45.300;23.964;0.100;43.500;2673.700;0.200;39.000;1495.000
80;24-02-202310:34:39;63.000;99.000;32.000;7148.902;1912.000;7500.999;161.954;51.000;41.146;4299.999;8798.000;45.200;23.291;0.100;43.500;2673.700;0.200;39.000;1501.000
80;24-02-202310:34:40;63.000;99.000;33.000;7148.902;1912.000;7500.999;161.632;53.000;45.405;4299.999;8781.000;47.700;22.607;0.100;43.500;2673.700;0.200;39.000;1501.000
80;24-02-202310:34:41;63.000;99.000;33.000;7148.902;1912.000;7500.999;162.703;52.000;39.924;4299.999;8706.000;50.500;20.970;0.100;43.500;2673.700;0.200;39.000;1500.000
80;24-02-202310:34:42;63.000;99.000;34.000;7148.902;1912.000;7500.999;162.403;54.000;36.458;4299.999;8776.000;51.000;20.718;0.100;43.500;2673.700;0.200;39.000;1498.000
80;24-02-202310:34:43;63.000;99.000;34.000;7148.902;1912.000;7500.999;164.298;53.000;40.791;4300.000;8753.000;50.900;21.073;0.100;43.500;2673.700;0.200;39.000;1498.000
80;24-02-202310:34:44;63.000;99.000;34.000;7148.902;1912.000;7500.999;163.738;53.000;41.406;4299.999;8731.000;50.200;21.547;0.100;43.500;2673.700;0.200;39.000;1496.000
80;24-02-202310:34:45;63.000;99.000;33.000;7148.902;1912.000;7500.999;163.513;56.000;39.924;4299.999;8708.000;49.800;21.587;0.100;43.500;2673.700;0.200;39.000;1501.000
80;24-02-202310:34:46;63.000;99.000;33.000;7148.902;1912.000;7500.999;162.867;54.000;39.323;4299.999;8807.000;49.400;21.778;0.100;43.500;2673.700;0.200;39.000;1501.000
80;24-02-202310:34:47;63.000;99.000;33.000;7148.902;1912.000;7500.999;163.132;54.000;42.073;4299.999;8747.000;49.500;21.674;0.100;43.500;2673.700;0.200;39.000;1495.000
80;24-02-202310:34:48;63.000;99.000;32.000;7148.902;1912.000;7500.999;160.529;54.000;39.395;4299.999;8703.000;49.200;22.096;0.100;43.500;2673.700;0.200;39.000;1500.000
80;24-02-202310:34:49;63.000;99.000;33.000;7148.902;1912.000;7500.999;160.983;53.000;38.802;4299.999;8688.000;48.000;22.058;0.100;43.500;2673.700;0.200;39.000;1500.000
80;24-02-202310:34:50;63.000;99.000;32.000;7148.902;1912.000;7500.999;161.112;52.000;42.842;4299.999;8829.000;47.200;22.539;0.100;43.500;2673.700;0.200;39.000;1499.000
80;24-02-202310:34:51;63.000;99.000;33.000;7148.902;1912.000;7500.999;161.423;52.000;40.718;4299.999;8739.000;47.100;22.568;0.100;43.500;2673.700;0.200;39.000;1495.000
80;24-02-202310:34:52;63.000;99.000;32.000;7148.902;1912.000;7500.999;161.886;55.000;41.406;4299.999;8670.000;47.000;22.587;0.100;43.500;2673.700;0.200;39.000;1494.000
80;24-02-202310:34:53;63.000;99.000;32.000;7148.902;1912.000;7500.999;162.229;52.000;37.203;4299.999;8691.000;47.000;22.387;0.100;43.500;2673.700;0.200;39.000;1501.000
80;24-02-202310:34:54;63.000;99.000;32.000;7148.902;1912.000;7500.999;162.866;50.000;38.601;4299.999;8795.000;46.900;22.549;0.100;43.500;2673.700;0.200;39.000;1501.000
80;24-02-202310:34:55;63.000;99.000;33.000;7148.902;1912.000;7500.999;161.815;52.000;39.323;4299.999;8771.000;46.800;22.929;0.100;43.500;2673.700;0.200;39.000;1500.000
80;24-02-202310:34:56;63.000;99.000;33.000;7148.902;1912.000;7500.999;161.037;55.000;39.844;4299.998;8688.000;47.000;22.580;0.100;43.500;2673.700;0.200;39.000;1501.000
80;24-02-202310:34:57;63.000;99.000;33.000;7148.902;1912.000;7500.999;162.872;49.000;41.406;4300.000;8712.000;48.700;22.136;0.100;43.500;2673.700;0.200;39.000;1499.000
80;24-02-202310:34:58;63.000;99.000;34.000;7148.902;1912.000;7500.999;162.151;55.000;42.448;4300.000;8732.000;48.800;21.776;0.100;43.500;2673.700;0.200;39.000;1496.000
80;24-02-202310:34:59;63.000;99.000;34.000;7148.902;1912.000;7500.999;163.427;53.000;42.329;4299.999;8718.000;49.900;21.213;0.100;43.500;2673.700;0.200;39.000;1499.000
80;24-02-202310:35:00;63.000;99.000;34.000;7148.902;1912.000;7500.999;164.283;51.000;41.247;4300.000;8680.000;50.800;24.353;0.100;43.500;2673.700;0.200;40.000;1514.000
80;24-02-202310:35:01;63.000;99.000;36.000;7148.902;1905.000;7500.999;163.881;54.000;42.969;4300.000;8781.000;50.400;55.545;0.100;43.500;2673.700;0.200;40.000;1522.000
80;24-02-202310:35:02;63.000;99.000;36.000;7148.902;1905.000;7500.999;163.662;53.000;45.573;4299.999;8805.000;52.000;20.973;0.100;43.600;2673.700;0.200;40.000;1516.000
80;24-02-202310:35:03;63.000;99.000;34.000;7148.902;1912.000;7500.999;164.567;54.000;44.010;4299.999;8703.000;50.500;20.946;0.100;43.600;2673.700;0.200;40.000;1503.000
80;24-02-202310:35:04;63.000;99.000;34.000;7148.902;1905.000;7500.999;165.391;53.000;42.708;4299.999;8838.000;49.700;21.753;0.100;43.600;2673.700;0.200;40.000;1507.000
80;24-02-202310:35:05;63.000;99.000;35.000;7148.902;1905.000;7500.999;165.024;51.000;43.098;4300.000;8981.000;49.800;21.576;0.100;43.600;2673.700;0.200;40.000;1524.000
80;24-02-202310:35:06;63.000;99.000;37.000;7148.902;1905.000;7500.999;166.323;52.000;48.658;4299.998;9108.000;52.300;21.435;0.100;43.600;2673.700;0.200;40.000;1511.000
80;24-02-202310:35:07;63.000;99.000;36.000;7148.902;1912.000;7500.999;165.268;54.000;45.833;4299.998;9245.000;51.100;20.904;0.100;43.600;2673.700;0.200;40.000;1520.000
80;24-02-202310:35:08;63.000;99.000;37.000;7148.902;1905.000;7500.999;166.500;54.000;43.867;4299.999;9384.000;52.100;20.453;0.100;43.600;2673.700;0.200;40.000;1523.000
80;24-02-202310:35:09;63.000;99.000;37.000;7148.902;1897.000;7500.999;165.804;53.000;41.777;4299.999;9513.000;52.800;20.353;0.100;43.600;2673.700;0.200;40.000;1520.000
80;24-02-202310:35:10;63.000;99.000;37.000;7148.902;1905.000;7500.999;166.497;55.000;40.625;4299.999;9653.000;51.100;21.162;0.100;43.600;2673.700;0.200;40.000;1518.000
80;24-02-202310:35:11;63.000;99.000;38.000;7148.902;1890.000;7500.999;165.305;51.000;42.188;4299.999;9800.000;49.300;22.418;0.100;43.600;2673.700;0.200;40.000;1522.000
80;24-02-202310:35:12;63.000;99.000;37.000;7148.902;1905.000;7500.999;162.671;51.000;39.844;4299.999;9955.000;47.700;22.460;0.100;43.600;2673.700;0.200;40.000;1525.000
80;24-02-202310:35:13;63.000;99.000;36.000;7148.902;1905.000;7500.999;163.410;56.000;40.814;4299.999;10109.000;47.100;22.777;0.100;43.600;2673.700;0.200;40.000;1518.000
80;24-02-202310:35:15;63.000;99.000;35.000;7148.902;1912.000;7500.999;165.069;53.000;42.623;4300.000;10209.000;46.200;23.190;0.100;43.600;2673.700;0.200;40.000;1519.000
80;24-02-202310:35:16;63.000;99.000;35.000;7148.902;1905.000;7500.999;164.747;55.000;46.615;4300.000;10012.000;46.400;23.026;0.100;43.600;2673.700;0.200;40.000;1517.000
80;24-02-202310:35:17;63.000;99.000;35.000;7148.902;1890.000;7500.999;165.037;55.000;46.094;4299.999;9804.000;44.700;23.933;0.100;43.600;2673.700;0.200;40.000;1474.000
80;24-02-202310:35:18;63.000;99.000;35.000;7148.902;1912.000;7500.999;165.560;55.000;43.750;4299.999;9524.000;43.600;24.809;0.100;43.600;2673.700;0.200;40.000;1463.000
80;24-02-202310:35:19;63.000;99.000;34.000;7149.027;1897.000;7500.999;163.486;53.000;46.875;4300.000;9190.000;42.700;25.020;0.100;43.600;2673.700;0.200;40.000;1461.000
80;24-02-202310:35:20;64.000;99.000;34.000;7149.027;1912.000;7500.999;164.879;54.000;48.224;4299.999;8076.000;44.300;24.584;0.100;43.600;2673.700;0.200;40.000;1475.000
80;24-02-202310:35:21;64.000;99.000;37.000;7149.027;1897.000;7500.999;166.660;56.000;45.482;4299.999;7602.000;42.900;24.875;0.100;43.600;2673.700;0.200;40.000;1483.000
80;24-02-202310:35:22;63.000;99.000;35.000;7149.027;1897.000;7500.999;166.016;57.000;46.430;4299.999;7722.000;42.500;24.928;0.100;43.600;2673.700;0.200;40.000;1491.000
80;24-02-202310:35:23;63.000;99.000;36.000;7149.027;1882.000;7500.999;166.779;54.000;44.271;4299.999;7818.000;43.400;25.084;0.100;43.600;2673.700;0.200;40.000;1509.000
80;24-02-202310:35:24;63.000;99.000;37.000;7149.027;1890.000;7500.999;168.853;53.000;46.615;4299.999;7982.000;44.300;24.392;0.100;43.600;2673.700;0.200;40.000;1521.000
80;24-02-202310:35:25;63.000;99.000;35.000;7149.027;1897.000;7500.999;168.890;54.000;45.573;4299.999;8074.000;42.400;24.774;0.100;43.600;2673.700;0.200;40.000;1522.000
80;24-02-202310:35:26;64.000;98.000;34.000;7149.027;1890.000;7500.999;167.798;54.000;46.354;4299.999;8151.000;40.700;26.698;0.100;43.600;2673.700;0.200;40.000;1528.000
80;24-02-202310:35:27;64.000;99.000;34.000;7149.027;1905.000;7500.999;167.504;52.000;47.070;4299.999;8206.000;44.500;25.160;0.100;43.600;2673.700;0.200;40.000;1529.000
80;24-02-202310:35:28;63.000;99.000;32.000;7149.027;1897.000;7500.999;166.303;54.000;41.304;4300.001;8367.000;42.300;24.876;0.100;43.600;2673.700;0.200;40.000;1531.000
80;24-02-202310:35:29;63.000;99.000;33.000;7149.027;1912.000;7500.999;166.725;55.000;43.750;4299.999;8408.000;42.000;25.449;0.100;43.600;2673.700;0.200;40.000;1532.000
80;24-02-202310:35:30;64.000;99.000;33.000;7149.027;1897.000;7500.999;166.030;51.000;46.011;4300.000;8420.000;43.000;24.753;0.100;43.600;2673.700;0.200;40.000;1532.000
80;24-02-202310:35:31;63.000;99.000;34.000;7149.027;1897.000;7500.999;165.940;54.000;45.405;4300.000;8515.000;45.300;23.755;0.100;43.600;2673.700;0.200;40.000;1533.000
80;24-02-202310:35:32;63.000;99.000;33.000;7149.027;1905.000;7500.999;164.006;54.000;46.875;4299.999;8587.000;43.700;24.858;0.100;43.600;2673.700;0.200;40.000;1533.000
80;24-02-202310:35:33;63.000;99.000;34.000;7149.027;1912.000;7500.999;165.485;51.000;45.217;4299.999;8611.000;44.000;24.467;0.100;43.600;2673.700;0.200;40.000;1530.000
80;24-02-202310:35:34;63.000;99.000;36.000;7149.027;1905.000;7500.999;166.589;57.000;47.917;4299.999;8648.000;48.100;23.220;0.100;43.600;2673.700;0.200;40.000;1532.000
80;24-02-202310:35:35;63.000;99.000;35.000;7149.027;1905.000;7500.999;165.169;55.000;45.661;4299.999;8787.000;47.500;25.344;0.100;43.600;2673.700;0.200;40.000;1533.000
80;24-02-202310:35:36;64.000;99.000;33.000;7149.027;1905.000;7500.999;164.571;52.000;50.510;4299.999;8815.000;46.400;23.309;0.100;43.600;2673.700;0.200;40.000;1534.000
80;24-02-202310:35:37;63.000;99.000;33.000;7149.027;1912.000;7500.999;166.497;54.000;42.969;4300.000;8816.000;45.400;23.847;0.100;43.600;2673.700;0.200;40.000;1535.000
80;24-02-202310:35:38;63.000;99.000;34.000;7149.027;1897.000;7500.999;165.421;54.000;47.917;4299.999;8826.000;45.600;23.120;0.100;43.600;2673.700;0.200;40.000;1532.000
80;24-02-202310:35:39;63.000;99.000;33.000;7149.027;1905.000;7500.999;164.566;54.000;44.531;4300.000;8840.000;44.700;23.819;0.100;43.600;2673.700;0.200;40.000;1536.000
80;24-02-202310:35:40;63.000;99.000;34.000;7149.027;1897.000;7500.999;164.033;57.000;46.094;4300.000;8807.000;45.800;23.094;0.100;43.600;2673.700;0.200;40.000;1536.000
80;24-02-202310:35:41;63.000;99.000;35.000;7149.027;1897.000;7500.999;165.517;54.000;44.531;4299.999;8820.000;46.200;23.727;0.100;43.600;2673.700;0.200;40.000;1538.000
80;24-02-202310:35:42;63.000;99.000;35.000;7149.027;1897.000;7500.999;166.135;54.000;44.892;4299.999;8825.000;44.900;23.960;0.100;43.600;2673.700;0.200;40.000;1542.000
80;24-02-202310:35:43;63.000;99.000;34.000;7148.777;1890.000;7500.999;166.586;55.000;47.070;4299.999;8749.000;43.700;28.789;0.100;43.600;2673.700;0.200;40.000;1542.000
80;24-02-202310:35:44;63.000;99.000;33.000;7148.777;1897.000;7500.999;166.352;54.000;45.148;4299.999;8699.000;43.600;24.480;0.100;43.600;2673.700;0.200;40.000;1547.000
80;24-02-202310:35:45;63.000;99.000;32.000;7148.777;1897.000;7500.999;165.543;52.000;46.276;4299.998;8647.000;42.700;24.772;0.100;43.600;2673.700;0.200;41.000;1546.000
80;24-02-202310:35:46;62.000;79.000;27.000;7148.777;1912.000;7500.999;141.616;54.000;40.365;4299.998;8772.000;39.400;27.701;0.100;43.600;2673.700;0.200;41.000;1544.000
80;24-02-202310:35:47;61.000;80.000;27.000;7148.777;1912.000;7500.999;143.430;54.000;42.585;4300.000;8858.000;34.900;31.497;0.100;43.600;2673.700;0.200;41.000;1552.000
80;24-02-202310:35:48;62.000;77.000;26.000;7148.777;1912.000;7500.999;144.632;54.000;42.306;4299.998;8709.000;31.900;33.002;0.100;43.600;2673.700;0.200;41.000;1552.000
80;24-02-202310:35:49;63.000;99.000;32.000;7148.777;1912.000;7500.999;161.824;54.000;43.490;4299.998;8662.000;41.800;29.956;0.100;43.600;2673.700;0.200;41.000;1548.000
80;24-02-202310:35:50;63.000;99.000;31.000;7148.777;1912.000;7500.999;164.387;52.000;41.304;4299.999;8766.000;44.400;24.332;0.100;43.600;2673.700;0.200;41.000;1541.000
80;24-02-202310:35:51;63.000;99.000;31.000;7148.777;1905.000;7500.999;164.405;54.000;38.601;4299.999;8749.000;43.600;24.048;0.100;43.600;2673.700;0.200;41.000;1538.000
80;24-02-202310:35:52;63.000;99.000;31.000;7148.777;1905.000;7500.999;164.130;55.000;41.406;4299.999;8690.000;43.900;24.003;0.100;43.600;2673.700;0.200;41.000;1546.000
80;24-02-202310:35:53;63.000;99.000;36.000;7148.777;1897.000;7500.999;164.768;55.000;42.448;4299.999;8652.000;47.700;22.398;0.100;43.600;2673.700;0.200;41.000;1554.000
80;24-02-202310:35:54;63.000;99.000;34.000;7148.777;1897.000;7500.999;162.626;54.000;44.792;4300.000;8766.000;48.400;21.955;0.100;43.600;2673.700;0.200;41.000;1554.000
80;24-02-202310:35:55;63.000;99.000;33.000;7148.777;1897.000;7500.999;164.943;56.000;45.917;4300.000;8714.000;46.700;22.785;0.100;43.600;2673.700;0.200;41.000;1550.000
80;24-02-202310:35:56;63.000;99.000;33.000;7148.777;1897.000;7500.999;164.962;53.000;40.718;4299.999;8663.000;45.100;24.298;0.100;43.600;2673.700;0.200;41.000;1550.000
80;24-02-202310:35:57;63.000;99.000;33.000;7148.777;1897.000;7500.999;165.411;52.000;42.708;4299.999;8656.000;44.100;24.493;0.100;43.600;2673.700;0.200;41.000;1544.000
80;24-02-202310:35:58;63.000;99.000;32.000;7148.777;1912.000;7500.999;165.023;56.000;42.448;4300.000;8760.000;43.300;24.865;0.100;43.600;2673.700;0.200;41.000;1543.000
80;24-02-202310:35:59;63.000;99.000;32.000;7148.777;1897.000;7500.999;166.307;54.000;48.438;4300.000;8703.000;42.700;24.922;0.100;43.600;2673.700;0.200;41.000;1549.000
80;24-02-202310:36:00;63.000;99.000;32.000;7148.777;1905.000;7500.999;162.568;55.000;50.521;4299.999;8649.000;42.600;25.413;0.100;43.600;2673.700;0.200;41.000;1556.000
80;24-02-202310:36:01;63.000;98.000;32.000;7148.777;1897.000;7500.999;166.955;53.000;41.304;4299.998;8714.000;42.200;57.843;0.100;43.600;2673.700;0.200;41.000;1552.000
80;24-02-202310:36:02;63.000;99.000;33.000;7148.777;1897.000;7500.999;163.999;54.000;46.805;4300.000;8737.000;42.700;25.559;0.100;43.600;2673.700;0.200;41.000;1552.000
80;24-02-202310:36:03;63.000;99.000;33.000;7148.777;1897.000;7500.999;164.749;55.000;42.708;4300.000;8689.000;43.200;24.578;0.100;43.600;2673.700;0.200;41.000;1551.000
80;24-02-202310:36:04;63.000;99.000;32.000;7148.777;1897.000;7500.999;163.811;54.000;39.844;4299.999;8671.000;43.500;24.816;0.100;43.600;2673.700;0.200;41.000;1560.000
80;24-02-202310:36:05;63.000;99.000;32.000;7148.777;1905.000;7500.999;166.635;54.000;40.365;4299.999;8767.000;44.800;23.893;0.100;43.600;2673.700;0.200;41.000;1558.000
80;24-02-202310:36:06;63.000;99.000;32.000;7148.777;1912.000;7500.999;164.477;57.000;41.667;4299.999;8780.000;46.200;23.102;0.100;43.600;2673.700;0.200;41.000;1557.000
80;24-02-202310:36:07;63.000;99.000;35.000;7148.777;1905.000;7500.999;164.523;55.000;44.892;4299.999;8792.000;49.800;21.860;0.100;43.600;2673.700;0.200;41.000;1553.000
80;24-02-202310:36:08;63.000;99.000;35.000;7148.777;1905.000;7500.999;167.050;54.000;41.512;4299.998;8799.000;48.500;21.870;0.100;43.600;2673.700;0.200;41.000;1559.000
80;24-02-202310:36:09;63.000;99.000;35.000;7148.777;1912.000;7500.999;165.058;55.000;48.698;4300.000;8810.000;46.900;23.033;0.100;43.600;2673.700;0.200;41.000;1552.000
80;24-02-202310:36:10;63.000;94.000;33.000;7148.777;1897.000;7500.999;156.707;58.000;42.842;4300.000;8816.000;44.200;24.111;0.100;43.600;2673.700;0.200;41.000;1556.000
80;24-02-202310:36:11;63.000;99.000;34.000;7148.777;1905.000;7500.999;164.946;53.000;46.540;4299.999;8811.000;46.400;23.913;0.100;43.600;2673.700;0.200;41.000;1562.000
80;24-02-202310:36:12;63.000;99.000;34.000;7148.777;1897.000;7500.999;163.622;60.000;42.188;4299.999;8825.000;44.200;23.704;0.100;43.600;2673.700;0.200;41.000;1555.000
80;24-02-202310:36:13;63.000;99.000;34.000;7148.777;1912.000;7500.999;163.380;53.000;44.123;4299.999;8864.000;43.500;23.890;0.100;43.600;2673.700;0.200;41.000;1560.000
80;24-02-202310:36:14;63.000;99.000;33.000;7148.777;1912.000;7500.999;164.046;51.000;43.629;4300.000;8887.000;43.700;24.299;0.100;43.600;2673.700;0.200;41.000;1557.000
80;24-02-202310:36:15;63.000;99.000;33.000;7148.777;1905.000;7500.999;164.779;54.000;43.490;4299.998;8902.000;43.900;23.990;0.100;43.600;2673.700;0.200;41.000;1560.000
80;24-02-202310:36:16;63.000;99.000;34.000;7148.777;1912.000;7500.999;164.509;54.000;45.052;4299.998;8859.000;43.700;24.294;0.100;43.600;2673.700;0.200;41.000;1561.000
80;24-02-202310:36:17;63.000;97.000;33.000;7148.777;1912.000;7500.999;161.933;54.000;44.271;4299.998;8807.000;42.600;25.599;0.100;43.600;2673.700;0.200;41.000;1561.000
80;24-02-202310:36:18;63.000;99.000;33.000;7148.777;1897.000;7500.999;166.215;59.000;44.271;4299.998;8750.000;45.900;23.767;0.100;43.600;2673.700;0.200;41.000;1555.000
80;24-02-202310:36:19;63.000;99.000;33.000;7148.777;1905.000;7500.999;158.967;56.000;42.073;4299.999;8689.000;41.000;26.128;0.100;43.600;2673.700;0.200;41.000;1564.000
80;24-02-202310:36:20;62.000;86.000;28.000;7148.777;1912.000;7500.999;144.934;57.000;44.159;4300.000;8656.000;37.400;29.525;0.100;43.600;2673.700;0.200;41.000;1566.000
80;24-02-202310:36:21;61.000;72.000;25.000;7148.777;1890.000;7500.999;133.451;56.000;42.188;4299.999;8290.000;32.400;33.204;0.100;43.600;2673.700;0.200;41.000;1562.000
80;24-02-202310:36:22;62.000;85.000;30.000;7148.777;1897.000;7500.999;148.713;56.000;45.148;4299.999;7490.000;35.000;32.722;0.100;43.600;2673.700;0.200;41.000;1566.000
80;24-02-202310:36:23;63.000;99.000;34.000;7148.777;1912.000;7500.999;164.320;56.000;43.629;4299.999;7586.000;43.900;26.932;0.100;43.600;2673.700;0.200;41.000;1560.000
80;24-02-202310:36:24;63.000;99.000;34.000;7148.777;1897.000;7500.999;164.536;53.000;38.997;4299.999;7680.000;42.600;24.890;0.100;43.600;2673.700;0.200;41.000;1556.000
80;24-02-202310:36:25;63.000;99.000;34.000;7148.777;1912.000;7500.999;165.606;55.000;42.041;4299.999;7816.000;42.300;25.209;0.100;43.600;2673.700;0.200;41.000;1564.000
80;24-02-202310:36:26;63.000;99.000;33.000;7148.777;1905.000;7500.999;164.461;55.000;42.188;4300.000;7882.000;42.200;25.843;0.100;43.600;2673.700;0.200;41.000;1560.000
80;24-02-202310:36:27;63.000;99.000;32.000;7148.777;1912.000;7500.999;165.315;57.000;39.510;4300.000;7936.000;42.000;25.290;0.100;43.600;2673.700;0.200;41.000;1559.000
80;24-02-202310:36:28;63.000;99.000;32.000;7148.777;1905.000;7500.999;165.059;54.000;41.406;4299.998;8099.000;41.900;25.364;0.100;43.600;2673.700;0.200;41.000;1558.000
80;24-02-202310:36:29;63.000;99.000;32.000;7148.777;1897.000;7500.999;163.724;51.000;37.278;4299.998;8137.000;42.200;25.154;0.100;43.600;2673.700;0.200;41.000;1564.000
80;24-02-202310:36:30;63.000;99.000;34.000;7148.777;1905.000;7500.999;164.735;52.000;37.715;4300.000;8146.000;44.800;24.161;0.100;43.600;2673.700;0.200;41.000;1566.000
80;24-02-202310:36:31;63.000;99.000;35.000;7148.777;1912.000;7500.999;165.716;51.000;35.425;4299.999;8139.000;44.700;24.750;0.100;43.600;2673.700;0.200;41.000;1566.000
80;24-02-202310:36:32;63.000;99.000;35.000;7148.777;1912.000;7500.999;165.719;56.000;38.281;4299.998;8300.000;41.800;25.513;0.100;43.600;2673.700;0.200;41.000;1565.000
80;24-02-202310:36:33;63.000;99.000;34.000;7148.777;1905.000;7500.999;164.332;51.000;39.844;4299.998;8312.000;42.400;25.180;0.100;43.600;2673.700;0.200;41.000;1561.000
80;24-02-202310:36:34;63.000;99.000;34.000;7148.777;1912.000;7500.999;163.644;53.000;38.542;4300.000;8304.000;43.500;24.785;0.100;43.600;2673.700;0.200;41.000;1566.000
80;24-02-202310:36:35;63.000;99.000;34.000;7148.777;1912.000;7500.999;164.346;56.000;39.253;4300.000;8343.000;42.100;26.046;0.100;43.600;2673.700;0.200;41.000;1564.000
80;24-02-202310:36:36;63.000;99.000;33.000;7148.777;1912.000;7500.999;164.379;55.000;38.866;4299.999;8443.000;40.000;26.560;0.100;43.600;2673.700;0.200;41.000;1565.000
80;24-02-202310:36:37;63.000;99.000;32.000;7148.777;1912.000;7500.999;163.707;58.000;39.323;4299.999;8435.000;40.600;26.265;0.100;43.600;2673.700;0.200;41.000;1568.000
80;24-02-202310:36:38;63.000;99.000;33.000;7148.777;1905.000;7500.999;164.619;54.000;40.022;4299.999;8412.000;41.800;25.677;0.100;43.600;2673.700;0.200;41.000;1565.000
80;24-02-202310:36:39;63.000;99.000;34.000;7148.777;1897.000;7500.999;164.427;49.000;40.454;4299.999;8527.000;44.000;24.901;0.100;43.600;2673.700;0.200;41.000;1562.000
80;24-02-202310:36:40;63.000;99.000;34.000;7148.777;1905.000;7500.999;164.217;53.000;37.500;4300.000;8521.000;41.400;26.044;0.100;43.600;2673.700;0.200;41.000;1566.000
80;24-02-202310:36:41;63.000;99.000;31.000;7148.777;1912.000;7500.999;160.569;55.000;37.715;4299.999;8488.000;40.300;27.514;0.100;43.600;2673.700;0.200;41.000;1565.000
80;24-02-202310:36:42;63.000;99.000;31.000;7148.777;1897.000;7500.999;162.488;55.000;39.130;4299.999;8463.000;39.000;27.125;0.100;43.600;2673.700;0.200;41.000;1565.000
80;24-02-202310:36:43;63.000;99.000;32.000;7148.777;1897.000;7500.999;163.484;54.000;35.677;4299.999;8600.000;39.500;27.008;0.100;43.600;2673.700;0.200;41.000;1568.000
